File	Contig	Region	Start	End	Length	Products	N_Products	Note	Contig_Length	Contig_Edge
WP_403363454.1_region.gbk	NZ_JBIWIN010000019.1135698-1483251	1	1	12627	12627	lassopeptide	1	NA	12627	True
WP_398171140.1_region.gbk	NZ_JBIRJY010000013.147854-60385-1	1	1	12531	12531	lassopeptide	1	NA	12531	True
TAJ07060.1_region.gbk	SCVN01000023.1153210-165729-1	1	1	12519	12519	lassopeptide	1	NA	12519	True
WP_423461873.1_region.gbk	NZ_CP186693.13176124-31887271	1	1	12603	12603	lassopeptide	1	NA	12603	True
WP_426537321.1_region.gbk	NZ_JBNGGG010000020.195808-108342-1	1	1	12534	12534	lassopeptide	1	NA	12534	True
TSA11706.1_region.gbk	QYQC01000214.10-6591-1	1	1	6591	6591	lassopeptide	1	NA	6591	True
WP_355376915.1_region.gbk	NZ_JBIAOO010000005.1342999-3556171	1	1	12618	12618	lassopeptide	1	NA	12618	True
WP_333994424.1_region.gbk	NZ_JASPFR010000001.11236202-1248805-1	1	1	12603	12603	lassopeptide	1	NA	12603	True
WP_170935538.1_region.gbk	NZ_FZPA01000008.1112566-1251541	1	1	12588	12588	lassopeptide	1	NA	12588	True
WP_348336584.1_region.gbk	NZ_JBDVLB010000163.19310-21925-1	1	1	12615	12615	lassopeptide	1	NA	12615	True
WP_111171477.1_region.gbk	NZ_JBIRBB010000007.1187856-2004021	1	1	12546	12546	lassopeptide	1	NA	12546	True
GAA1247075.1_region.gbk	BAAAJG010000002.1430902-4434511	1	1	12549	12549	lassopeptide	1	NA	12549	True
KQV46952.1_region.gbk	LMDC01000030.1208419-2210611	1	1	12642	12642	lassopeptide	1	NA	12642	True
WP_245829527.1_region.gbk	NZ_FVZE01000016.15396-18011-1	1	1	12615	12615	lassopeptide	1	NA	12615	True
WP_312217896.1_region.gbk	NZ_JBNNOC010000001.1842002-854650-1	1	1	12648	12648	lassopeptide	1	NA	12648	True
WP_171746408.1_region.gbk	NZ_CP053346.14880805-48933871	1	1	12582	12582	lassopeptide	1	NA	12582	True
WP_414720028.1_region.gbk	NZ_DATMVN010000740.10-5369-1	1	1	5369	5369	RRE-containing	1	NA	5369	True
WP_335307316.1_region.gbk	NZ_JAQIJB010000015.153613-62514-1	1	1	8901	8901	lassopeptide	1	NA	8901	True
WP_173204349.1_region.gbk	NZ_PYIA01000081.162288-749061	1	1	12618	12618	lassopeptide	1	NA	12618	True
WP_197421963.1_region.gbk	NZ_LSJF01000380.122249-34789-1	1	1	12540	12540	hserlactone;lassopeptide	2	NA	12540	True
WP_088471060.1_region.gbk	NZ_NISJ01000001.1457945-470587-1	1	1	12642	12642	lassopeptide	1	NA	12642	True
WP_286711638.1_region.gbk	NZ_CALKIE010000029.16527-19163-1	1	1	12636	12636	hserlactone;lassopeptide	2	NA	12636	True
WP_379263412.1_region.gbk	NZ_JBHXAJ010000012.1153967-1645921	1	1	10625	10625	lassopeptide	1	NA	10625	True
WP_083419931.1_region.gbk	NZ_JASNFO010000059.10-74191	1	1	7419	7419	RRE-containing	1	NA	7419	True
WP_391152148.1_region.gbk	NZ_JBIAXO010000006.1308503-321046-1	1	1	12543	12543	lassopeptide	1	NA	12543	True
WP_007510993.1_region.gbk	NZ_MBLN01000025.13517-161321	1	1	12615	12615	lassopeptide	1	NA	12615	True
WP_313950025.1_region.gbk	NZ_SOPN01000024.128898-414471	1	1	12549	12549	lassopeptide	1	NA	12549	True
WP_344353256.1_region.gbk	NZ_JBHSOE010000121.10-12110-1	1	1	12110	12110	lassopeptide	1	NA	12110	True
WP_393284627.1_region.gbk	NZ_JBICTT010000003.1173509-1860461	1	1	12537	12537	lassopeptide	1	NA	12537	True
WP_184574211.1_region.gbk	NZ_JACHJL010000011.1103721-1163601	1	1	12639	12639	lassopeptide	1	NA	12639	True
WP_230482632.1_region.gbk	NZ_CAKASM010000012.12435-15026-1	1	1	12591	12591	lassopeptide	1	NA	12591	True
WP_291168645.1_region.gbk	NZ_JAEPNU010000002.1337491-3501391	1	1	12648	12648	lassopeptide	1	NA	12648	True
WP_400133524.1_region.gbk	NZ_JBIUBE010000003.1471060-4836541	1	1	12594	12594	lassopeptide	1	NA	12594	True
WP_361126326.1_region.gbk	NZ_JBEYVM010000005.116777-29407-1	1	1	12630	12630	lassopeptide	1	NA	12630	True
WP_403884205.1_region.gbk	NZ_JBIWLW010000003.1364206-3767341	1	1	12528	12528	RRE-containing	1	NA	12528	True
WP_349683558.1_region.gbk	NZ_JBEGDD010000002.1332188-344818-1	1	1	12630	12630	lassopeptide	1	NA	12630	True
WP_101715612.1_region.gbk	NZ_CP026100.14307078-4319720-1	1	1	12642	12642	lassopeptide	1	NA	12642	True
PYN30143.1_region.gbk	QHSP01000120.10-53371	1	1	5337	5337	lassopeptide	1	NA	5337	True
WP_411157232.1_region.gbk	NZ_JADLRX010000003.1499262-511886-1	1	1	12624	12624	lassopeptide	1	NA	12624	True
WP_241834894.1_region.gbk	NZ_MOMC01000035.16617-192441	1	1	12627	12627	lassopeptide	1	NA	12627	True
WP_105568033.1_region.gbk	NZ_PCPB01000001.1149167-1618061	1	1	12639	12639	lassopeptide	1	NA	12639	True
WP_063510607.1_region.gbk	NZ_JBAJHR010000001.10-101271	1	1	10127	10127	lassopeptide	1	NA	10127	True
WP_425503174.1_region.gbk	NZ_JACYFG010000040.15843-18368-1	1	1	12525	12525	lassopeptide	1	NA	12525	True
WP_370424351.1_region.gbk	NZ_CP166300.1293522-3061521	1	1	12630	12630	lassopeptide	1	NA	12630	True
WP_176597209.1_region.gbk	NZ_JABXJG010000001.12814373-2826964-1	1	1	12591	12591	lassopeptide	1	NA	12591	True
WP_193828924.1_region.gbk	NZ_CP063447.1245888-2585271	1	1	12639	12639	lassopeptide	1	NA	12639	True
WP_084298884.1_region.gbk	NZ_AXAZ01000002.157664-702221	1	1	12558	12558	lassopeptide	1	NA	12558	True
UPT63332.1_region.gbk	CP096134.1366434-3790461	1	1	12612	12612	hserlactone;lassopeptide	2	NA	12612	True
WP_252865503.1_region.gbk	NZ_UAQM01000002.10-9860-1	1	1	9860	9860	lassopeptide	1	NA	9860	True
WP_164618450.1_region.gbk	NZ_JAAGMH010000120.1100171-112708-1	1	1	12537	12537	lassopeptide	1	NA	12537	True
WP_329135971.1_region.gbk	NZ_CP109017.13633370-3645952-1	1	1	12582	12582	lassopeptide	1	NA	12582	True
WP_278983854.1_region.gbk	NZ_CALUBW010000004.174385-870271	1	1	12642	12642	lassopeptide	1	NA	12642	True
WP_029911569.1_region.gbk	NZ_JONW01000006.1579125-5917641	1	1	12639	12639	lassopeptide	1	NA	12639	True
WP_399021786.1_region.gbk	NZ_JBITGX010000009.110184-22733-1	1	1	12549	12549	lassopeptide	1	NA	12549	True
WP_211727634.1_region.gbk	NZ_JAERJK010000052.10-8659-1	1	1	8659	8659	lassopeptide	1	NA	8659	True
WP_431257592.1_region.gbk	NZ_CP192577.15128564-51411881	1	1	12624	12624	lassopeptide	1	NA	12624	True
RJR20363.1_region.gbk	QZIL01000031.10-110531	1	1	11053	11053	RRE-containing	1	NA	11053	True
WP_402431119.1_region.gbk	NZ_JBIVNO010000015.197641-110265-1	1	1	12624	12624	lassopeptide	1	NA	12624	True
WP_393736730.1_region.gbk	NZ_JBICWR010000001.1688653-701274-1	1	1	12621	12621	lassopeptide	1	NA	12621	True
WP_222828547.1_region.gbk	NZ_JAHWXO010000008.139432-520501	1	1	12618	12618	lassopeptide	1	NA	12618	True
WP_197991010.1_region.gbk	NZ_JBIBVS010000001.1236561-2492091	1	1	12648	12648	lassopeptide	1	NA	12648	True
PNQ77339.1_region.gbk	POYF01000002.1331195-3438101	1	1	12615	12615	lassopeptide	1	NA	12615	True
WP_272800104.1_region.gbk	NZ_CP117158.11779267-17918341	1	1	12567	12567	lassopeptide	1	NA	12567	True
RWC40773.1_region.gbk	SAKE01000028.17466-19982-1	1	1	12516	12516	lassopeptide	1	NA	12516	True
WP_086822803.1_region.gbk	NZ_MWIG01000033.117549-266091	1	1	9060	9060	lassopeptide	1	NA	9060	True
WP_351841308.1_region.gbk	NZ_JBEPAL010000019.155879-684281	1	1	12549	12549	RRE-containing	1	NA	12549	True
WP_186456763.1_region.gbk	NZ_CP042239.12807193-2819724-1	1	1	12531	12531	hserlactone;lassopeptide	2	NA	12531	True
TKB82326.1_region.gbk	SWDK01000026.18234-207531	1	1	12519	12519	RRE-containing	1	NA	12519	True
WP_403709637.1_region.gbk	NZ_JBIWGU010000011.1172964-185603-1	1	1	12639	12639	lassopeptide	1	NA	12639	True
WTU72624.1_region.gbk	CP108264.1938360-9509691	1	1	12609	12609	lassopeptide	1	NA	12609	True
WP_388388723.1_region.gbk	NZ_JBIAGM010000010.1100779-1134001	1	1	12621	12621	lassopeptide	1	NA	12621	True
WP_398841606.1_region.gbk	NZ_JBITDO010000007.10-9750-1	1	1	9750	9750	lassopeptide	1	NA	9750	True
TPL81525.1_region.gbk	VFVQ01000011.132849-453681	1	1	12519	12519	lassopeptide	1	NA	12519	True
WP_351153544.1_region.gbk	NZ_JBEXNX010000077.10-10991-1	1	1	10991	10991	lassopeptide	1	NA	10991	True
WP_350912003.1_region.gbk	NZ_JBEOUI010000006.1214797-227433-1	1	1	12636	12636	lassopeptide	1	NA	12636	True
WP_208952592.1_region.gbk	NZ_JAEMGT010000221.1161-10101-1	1	1	9940	9940	lassopeptide	1	NA	9940	True
WP_407644182.1_region.gbk	NZ_RCVZ01000004.1244953-257466-1	1	1	12513	12513	lassopeptide	1	NA	12513	True
WP_404752589.1_region.gbk	NZ_JBJDPY010000005.191542-1040581	1	1	12516	12516	lassopeptide	1	NA	12516	True
WP_355483908.1_region.gbk	NZ_JBEXMN010000070.120307-32931-1	1	1	12624	12624	lassopeptide	1	NA	12624	True
WP_077866656.1_region.gbk	NZ_LZYZ01000007.1297855-310368-1	1	1	12513	12513	lassopeptide	1	NA	12513	True
WP_246659872.1_region.gbk	NZ_VJMF01000045.15715-18321-1	1	1	12606	12606	lassopeptide	1	NA	12606	True
WP_254346501.1_region.gbk	NZ_JAMBPR010000160.10-63591	1	1	6359	6359	lassopeptide	1	NA	6359	True
WP_373458548.1_region.gbk	NZ_JAUSZF010000001.13251974-3264583-1	1	1	12609	12609	lassopeptide	1	NA	12609	True
WP_423141465.1_region.gbk	NZ_CP186480.12312433-23249491	1	1	12516	12516	lassopeptide	1	NA	12516	True
PWJ90809.1_region.gbk	QGGH01000004.1168993-181512-1	1	1	12519	12519	lassopeptide	1	NA	12519	True
WP_358113663.1_region.gbk	NZ_JBFAYW010000001.10-67811	1	1	6781	6781	lassopeptide	1	NA	6781	True
WP_234518988.1_region.gbk	NZ_BAAAUF010000087.130429-430531	1	1	12624	12624	lassopeptide	1	NA	12624	True
RPJ20806.1_region.gbk	RPPK01001538.10-15911	1	1	1591	1591	RRE-containing	1	NA	1591	True
WP_258890873.1_region.gbk	NZ_CP096971.11286056-12986891	1	1	12633	12633	lassopeptide	1	NA	12633	True
WP_391650384.1_region.gbk	NZ_JBIBZE010000009.1152163-164787-1	1	1	12624	12624	lassopeptide;terpene	2	NA	12624	True
WP_359042927.1_region.gbk	NZ_JBIBFB010000003.167130-797541	1	1	12624	12624	lassopeptide	1	NA	12624	True
WP_400748982.1_region.gbk	NZ_JBIVVW010000019.1153027-165636-1	1	1	12609	12609	lassopeptide	1	NA	12609	True
WP_391259129.1_region.gbk	NZ_JBIBEV010000008.1297902-3104571	1	1	12555	12555	lassopeptide	1	NA	12555	True
WP_365527797.1_region.gbk	NZ_JBFBEK010000008.183630-962481	1	1	12618	12618	lassopeptide	1	NA	12618	True
WP_266422960.1_region.gbk	NZ_JAPEQD010000001.13505649-35181891	1	1	12540	12540	lassopeptide	1	NA	12540	True
WP_023462269.1_region.gbk	NZ_AWGF01000005.1164160-176808-1	1	1	12648	12648	lassopeptide	1	NA	12648	True
WP_161599025.1_region.gbk	NZ_VRYH01000009.177411-89954-1	1	1	12543	12543	lassopeptide	1	NA	12543	True
WP_337661202.1_region.gbk	NZ_LT702999.11593303-16058191	1	1	12516	12516	lassopeptide	1	NA	12516	True
WP_287901544.1_region.gbk	NZ_JAYRQM010000039.126084-38687-1	1	1	12603	12603	lassopeptide	1	NA	12603	True
WP_371516563.1_region.gbk	NZ_CP108408.11869367-18820001	1	1	12633	12633	lassopeptide	1	NA	12633	True
AXQ29319.1_region.gbk	CP031704.12566049-2578577-1	1	1	12528	12528	lassopeptide	1	NA	12528	True
WP_359293262.1_region.gbk	NZ_JBEYXU010000003.1229891-2425151	1	1	12624	12624	lassopeptide	1	NA	12624	True
WP_275814356.1_region.gbk	NZ_JARGDK010000013.139063-515881	1	1	12525	12525	lassopeptide	1	NA	12525	True
WP_423353404.1_region.gbk	NZ_JBMSDS010000006.146124-58715-1	1	1	12591	12591	lassopeptide	1	NA	12591	True
WP_079062892.1_region.gbk	NZ_LIQR01000114.135763-483871	1	1	12624	12624	lassopeptide	1	NA	12624	True
WP_386996887.1_region.gbk	NZ_JBIAPS010000028.13529-161471	1	1	12618	12618	lassopeptide	1	NA	12618	True
WP_167513618.1_region.gbk	NZ_SRRT01000007.1348328-3609641	1	1	12636	12636	lassopeptide	1	NA	12636	True
WP_354040064.1_region.gbk	NZ_CP085234.11053673-1066318-1	1	1	12645	12645	lassopeptide	1	NA	12645	True
WP_160752621.1_region.gbk	NZ_WTYA01000003.1254444-267047-1	1	1	12603	12603	lassopeptide	1	NA	12603	True
WP_402695674.1_region.gbk	NZ_JBIVTH010000013.1174744-1873801	1	1	12636	12636	lassopeptide	1	NA	12636	True
WP_087714914.1_region.gbk	NZ_MWPH01000002.11240035-1252551-1	1	1	12516	12516	lassopeptide	1	NA	12516	True
WEK02187.1_region.gbk	CP119314.12402181-24147271	1	1	12546	12546	hserlactone;lassopeptide	2	NA	12546	True
WP_221555779.1_region.gbk	NZ_JAIGNO010000002.1209156-2217741	1	1	12618	12618	lassopeptide	1	NA	12618	True
WP_306706238.1_region.gbk	NZ_CP184844.12512650-2525166-1	1	1	12516	12516	RRE-containing	1	NA	12516	True
WP_264446297.1_region.gbk	NZ_JAPCZF010000005.116938-29517-1	1	1	12579	12579	hserlactone;lassopeptide	2	NA	12579	True
WP_353965901.1_region.gbk	NZ_JBEWGY010000003.183872-96409-1	1	1	12537	12537	lassopeptide	1	NA	12537	True
WP_279337378.1_region.gbk	NZ_CM125966.16510705-6523341-1	1	1	12636	12636	lassopeptide	1	NA	12636	True
WHZ28353.1_region.gbk	CP126121.12814877-2827396-1	1	1	12519	12519	RRE-containing	1	NA	12519	True
WP_082376815.1_region.gbk	NZ_LGEC01000103.1118117-130756-1	1	1	12639	12639	lassopeptide	1	NA	12639	True
AOH87264.1_region.gbk	CP014169.1292717-3052961	1	1	12579	12579	lassopeptide	1	NA	12579	True
WP_221318764.1_region.gbk	NZ_BAAAKM010000042.128489-41005-1	1	1	12516	12516	lassopeptide	1	NA	12516	True
WP_343891638.1_region.gbk	NZ_JBDIME010000003.190388-102910-1	1	1	12522	12522	lassopeptide	1	NA	12522	True
WP_160734391.1_region.gbk	NZ_WTYO01000007.119076-316971	1	1	12621	12621	lassopeptide	1	NA	12621	True
WP_356943398.1_region.gbk	NZ_JBEXRL010000031.127977-40571-1	1	1	12594	12594	lassopeptide	1	NA	12594	True
GMR00476.1_region.gbk	BTQQ01000117.10-5548-1	1	1	5548	5548	RRE-containing	1	NA	5548	True
WP_138894534.1_region.gbk	NZ_BMVO01000045.10-96241	1	1	9624	9624	lassopeptide	1	NA	9624	True
WP_084439970.1_region.gbk	NZ_MUYI01000001.1233654-2462151	1	1	12561	12561	lassopeptide	1	NA	12561	True
WP_292426311.1_region.gbk	NZ_SUGQ01000024.121411-33945-1	1	1	12534	12534	lassopeptide	1	NA	12534	True
WP_052463779.1_region.gbk	NZ_CP077406.18916-185411	1	1	9625	9625	lassopeptide	1	NA	9625	True
WP_386610575.1_region.gbk	NZ_JBIAXH010000009.173795-864191	1	1	12624	12624	lassopeptide	1	NA	12624	True
WP_336357975.1_region.gbk	NZ_CP184337.11133820-1146336-1	1	1	12516	12516	RRE-containing	1	NA	12516	True
WP_354073515.1_region.gbk	NZ_JBEPMW010000002.1383591-3961641	1	1	12573	12573	lassopeptide	1	NA	12573	True
TKB77983.1_region.gbk	SWDL01000201.10-51761	1	1	5176	5176	lassopeptide	1	NA	5176	True
WP_363257433.1_region.gbk	NZ_JBFAKN010000003.1579270-591783-1	1	1	12513	12513	lassopeptide	1	NA	12513	True
WP_171795492.1_region.gbk	NZ_JACIBI010000001.1900410-913055-1	1	1	12645	12645	lassopeptide	1	NA	12645	True
WP_251076356.1_region.gbk	NZ_VKLS01000002.15830-184541	1	1	12624	12624	lassopeptide	1	NA	12624	True
WP_373259110.1_region.gbk	NZ_JBAZPS010000016.113001-25643-1	1	1	12642	12642	lassopeptide	1	NA	12642	True
WP_165126739.1_region.gbk	NZ_CP145948.1776910-7894591	1	1	12549	12549	lassopeptide	1	NA	12549	True
WP_409453890.1_region.gbk	NZ_JBHEMO010000106.10-8340-1	1	1	8340	8340	RRE-containing	1	NA	8340	True
WP_216599929.1_region.gbk	NZ_CP053346.15143868-51564651	1	1	12597	12597	lassopeptide	1	NA	12597	True
WP_169745723.1_region.gbk	NZ_BCZF01000047.1147824-158479-1	1	1	10655	10655	lassopeptide	1	NA	10655	True
WP_384088417.1_region.gbk	NZ_JBHXKV010000091.13401-160251	1	1	12624	12624	lassopeptide	1	NA	12624	True
WP_216340621.1_region.gbk	NZ_JAHLEM010000043.10-36881	1	1	3688	3688	lassopeptide	1	NA	3688	True
WP_224723777.1_region.gbk	NZ_JAHMHW010000004.1308663-3212301	1	1	12567	12567	RRE-containing	1	NA	12567	True
WP_305957389.1_region.gbk	NZ_JAVAMS020000002.1315428-3279981	1	1	12570	12570	lassopeptide	1	NA	12570	True
WP_430941049.1_region.gbk	NZ_JBOCEF010000012.183154-951051	1	1	10749	10749	RRE-containing	1	NA	11951	True
WP_013698981.1_region.gbk	NZ_JAGSIB010000012.138692-51337-1	1	1	12645	12645	lassopeptide	1	NA	12645	True
WP_152380782.1_region.gbk	NZ_JAUSWA010000010.1107625-1201561	1	1	12531	12531	lassopeptide	1	NA	12531	True
WP_384326675.1_region.gbk	NZ_JBHXPF010000001.149173-617341	1	1	12561	12561	lassopeptide	1	NA	12561	True
WP_392401422.1_region.gbk	NZ_JBIBXJ010000002.1419228-431852-1	1	1	12624	12624	lassopeptide;terpene	2	NA	12624	True
WP_267516464.1_region.gbk	NZ_CP113064.11603734-1616349-1	1	1	12615	12615	lassopeptide	1	NA	12615	True
PSH02822.1_region.gbk	PJLO01000040.11119-128841	1	1	11765	11765	lassopeptide	1	NA	11765	True
WP_431047127.1_region.gbk	NZ_CP192512.17812625-7825258-1	1	1	12633	12633	lassopeptide	1	NA	12633	True
WP_344479466.1_region.gbk	NZ_BAAAQX010000013.1140145-1527511	1	1	12606	12606	lassopeptide	1	NA	12606	True
WP_133032046.1_region.gbk	NZ_SLXW01000006.186951-99599-1	1	1	12648	12648	lassopeptide	1	NA	12648	True
WP_246404889.1_region.gbk	NZ_JACHJO010000004.173880-864141	1	1	12534	12534	lassopeptide	1	NA	12534	True
WP_230280968.1_region.gbk	NZ_CP087588.1869458-882040-1	1	1	12582	12582	lassopeptide	1	NA	12582	True
KAA0232191.1_region.gbk	RHKW01000274.10-2123-1	1	1	2123	2123	RRE-containing	1	NA	2123	True
SDA87378.1_region.gbk	FMXM01000012.166812-793251	1	1	12513	12513	lassopeptide	1	NA	12513	True
WP_365701833.1_region.gbk	NZ_JBFATK010000010.189515-102130-1	1	1	12615	12615	lassopeptide	1	NA	12615	True
ARU54375.1_region.gbk	CP021425.1285876-2984521	1	1	12576	12576	lassopeptide	1	NA	12576	True
WP_293702700.1_region.gbk	NZ_DASYHG010000019.128708-41353-1	1	1	12645	12645	lassopeptide	1	NA	12645	True
WP_232425589.1_region.gbk	NC_014666.1314657-327170-1	1	1	12513	12513	lassopeptide	1	NA	12513	True
TMQ06769.1_region.gbk	VBLP01000432.139764-52358-1	1	1	12594	12594	lassopeptide	1	NA	12594	True
WP_304275885.1_region.gbk	NZ_QFQZ01000015.132074-447071	1	1	12633	12633	lassopeptide	1	NA	12633	True
WP_330898308.1_region.gbk	NZ_DASVNW010000092.1111313-123886-1	1	1	12573	12573	lassopeptide	1	NA	12573	True
PZT87975.1_region.gbk	QFNH01000291.10-5439-1	1	1	5439	5439	lassopeptide	1	NA	5439	True
WP_275115368.1_region.gbk	NZ_LACR01000001.1497231-5097921	1	1	12561	12561	lassopeptide	1	NA	12561	True
WP_419481931.1_region.gbk	NZ_JALOBC010000011.10-116921	1	1	11692	11692	lassopeptide	1	NA	11692	True
WP_263710143.1_region.gbk	NZ_JAOXIC010000007.126469-390601	1	1	12591	12591	lassopeptide	1	NA	12591	True
WP_152950430.1_region.gbk	NZ_CP045456.12355124-23677661	1	1	12642	12642	lassopeptide	1	NA	12642	True
WP_399423476.1_region.gbk	NZ_JBITEN010000024.1120458-133082-1	1	1	12624	12624	lassopeptide	1	NA	12624	True
WP_143622971.1_region.gbk	NZ_VJNO01000025.161798-74425-1	1	1	12627	12627	lassopeptide	1	NA	12627	True
WP_159872069.1_region.gbk	NZ_LR732488.119836-32436-1	1	1	12600	12600	lassopeptide	1	NA	12600	True
WP_056064585.1_region.gbk	NZ_SLUY01000021.10-82251	1	1	8225	8225	lassopeptide	1	NA	8225	True
KPF52739.1_region.gbk	LJHO01000009.165517-78036-1	1	1	12519	12519	lassopeptide	1	NA	12519	True
WP_090302527.1_region.gbk	NZ_FNGR01000070.10-101151	1	1	10115	10115	lassopeptide	1	NA	10115	True
WP_430980062.1_region.gbk	NZ_JBOBQK010000003.18798299-88108751	1	1	12576	12576	lassopeptide	1	NA	12576	True
WP_179407678.1_region.gbk	NZ_BMGF01000003.1237113-249737-1	1	1	12624	12624	lassopeptide	1	NA	12624	True
WP_305618160.1_region.gbk	NZ_JAUYRV010000043.15356-17998-1	1	1	12642	12642	lassopeptide	1	NA	12642	True
WP_397392447.1_region.gbk	NZ_JBIRXX010000001.11558117-1570720-1	1	1	12603	12603	lassopeptide	1	NA	12603	True
WP_204024158.1_region.gbk	NZ_JBHLZQ010000071.1165206-177746-1	1	1	12540	12540	lassopeptide	1	NA	12540	True
WP_196066394.1_region.gbk	NZ_UXHF01000055.16344-18926-1	1	1	12582	12582	lassopeptide	1	NA	12582	True
WP_381659118.1_region.gbk	NZ_JBHXEP010000036.128206-408301	1	1	12624	12624	lassopeptide	1	NA	12624	True
WP_197421941.1_region.gbk	NZ_LSJM01000454.166234-78870-1	1	1	12636	12636	hserlactone;lassopeptide	2	NA	12636	True
WP_185707084.1_region.gbk	NZ_CP060122.12898802-29114411	1	1	12639	12639	lassopeptide	1	NA	12639	True
WP_324614342.1_region.gbk	NZ_JUJA01000166.153494-66049-1	1	1	12555	12555	lassopeptide	1	NA	12555	True
WP_072714246.1_region.gbk	NZ_FRAU01000001.1407122-419656-1	1	1	12534	12534	RRE-containing	1	NA	12534	True
WP_351929383.1_region.gbk	NZ_JBEOZU010000101.113616-26240-1	1	1	12624	12624	lassopeptide	1	NA	12624	True
WP_361224522.1_region.gbk	NZ_JBEYUW010000002.123304-358591	1	1	12555	12555	lassopeptide	1	NA	12555	True
WP_304561608.1_region.gbk	NZ_JAUQSZ010000008.184093-96609-1	1	1	10563	10563	RRE-containing	1	NA	12516	True
WP_389828129.1_region.gbk	NZ_JBHVUO010000016.188102-1007291	1	1	12627	12627	lassopeptide	1	NA	12627	True
WP_191091701.1_region.gbk	NZ_VYKJ01000032.10-94491	1	1	9449	9449	lassopeptide	1	NA	9449	True
WP_376241443.1_region.gbk	NZ_JBHJWQ010000012.162645-752691	1	1	12624	12624	lassopeptide	1	NA	12624	True
OGN44840.1_region.gbk	MGLK01000003.169421-820571	1	1	12636	12636	lassopeptide	1	NA	12636	True
WP_399045034.1_region.gbk	NZ_JBITJM010000023.129159-417831	1	1	12624	12624	lassopeptide	1	NA	12624	True
WP_366763509.1_region.gbk	NZ_JBEYXM010000016.163135-75750-1	1	1	12615	12615	lassopeptide	1	NA	12615	True
WP_257895475.1_region.gbk	NZ_CP080029.11991579-20041401	1	1	12561	12561	lassopeptide	1	NA	12561	True
WP_066588427.1_region.gbk	NZ_BCYZ01000024.10-124011	1	1	12401	12401	hserlactone;lassopeptide	2	NA	12401	True
WP_392643317.1_region.gbk	NZ_JBICYL010000001.1247154-259715-1	1	1	12561	12561	lassopeptide	1	NA	12561	True
WP_391319625.1_region.gbk	NZ_JBIBKS010000001.1670335-682959-1	1	1	12624	12624	lassopeptide	1	NA	12624	True
ANY19411.1_region.gbk	CP016591.1922615-9351401	1	1	12525	12525	lassopeptide	1	NA	12525	True
WP_136317154.1_region.gbk	NZ_SSBI01000016.111046-235621	1	1	12516	12516	lassopeptide	1	NA	12516	True
WP_381444045.1_region.gbk	NZ_JBHVAW010000001.1229993-2426291	1	1	12636	12636	lassopeptide	1	NA	12636	True
WP_186403917.1_region.gbk	NZ_OOHJ01000006.1455670-468198-1	1	1	12528	12528	lassopeptide	1	NA	12528	True
WP_010644967.1_region.gbk	NZ_JBEXEM010000082.12089-146981	1	1	12609	12609	lassopeptide	1	NA	12609	True
WP_066938413.1_region.gbk	NZ_BBUY01000021.135154-477871	1	1	12633	12633	lassopeptide	1	NA	12633	True
WP_116036202.1_region.gbk	NZ_JADDJG010000004.1324224-3367821	1	1	12558	12558	RRE-containing	1	NA	12558	True
WP_311445634.1_region.gbk	NZ_JADWYW010000067.169631-821791	1	1	12548	12548	RRE-containing	1	NA	12548	True
WP_361686620.1_region.gbk	NZ_JBEYYR010000004.1203368-2160011	1	1	12633	12633	lassopeptide	1	NA	12633	True
WP_343808814.1_region.gbk	NZ_BAAAFP010000002.11988087-20006331	1	1208	12546	11339	RRE-containing	1	NA	12546	True
WP_359184912.1_region.gbk	NZ_JBEYEH010000044.113317-259411	1	1	12624	12624	lassopeptide	1	NA	12624	True
WP_347209128.1_region.gbk	NZ_JBDMYD010000002.175514-88048-1	1	1	12534	12534	lassopeptide	1	NA	12534	True
WP_356684139.1_region.gbk	NZ_JBEXQY010000138.110990-17505-1	1	1	6515	6515	lassopeptide	1	NA	6515	True
WP_384682097.1_region.gbk	NZ_JBHYZJ010000027.14662-172591	1	1	12597	12597	lassopeptide	1	NA	12597	True
WP_406983039.1_region.gbk	NZ_JBJJBU010000029.14374-17019-1	1	1	12645	12645	lassopeptide	1	NA	12645	True
WP_426045926.1_region.gbk	NZ_JAFCTK010000001.1959059-971599-1	1	1	12540	12540	lassopeptide	1	NA	12540	True
WP_013848595.1_region.gbk	NC_015593.12886818-2899421-1	1	1	12603	12603	lassopeptide	1	NA	12603	True
WP_361429021.1_region.gbk	NZ_JBEZAQ010000025.153826-663481	1	1	12522	12522	lassopeptide	1	NA	12522	True
QEV11463.1_region.gbk	CP023696.11124328-11369611	1	1	12633	12633	lassopeptide	1	NA	12633	True
WP_346508681.1_region.gbk	NZ_JBDJNB010000002.1504925-517513-1	1	1	12588	12588	lassopeptide	1	NA	12588	True
WP_244942864.1_region.gbk	NZ_QUAC01000042.118827-31382-1	1	1	12555	12555	lassopeptide	1	NA	12555	True
WP_343280407.1_region.gbk	NZ_JBCLUZ010000005.12202-14832-1	1	1	12630	12630	lassopeptide	1	NA	12630	True
WP_219354442.1_region.gbk	NZ_CP080034.11760305-1772938-1	1	1	12633	12633	lassopeptide	1	NA	12633	True
KTE15640.1_region.gbk	LNRY01000002.140320-52896-1	1	1	12576	12576	lassopeptide	1	NA	12576	True
WP_298267525.1_region.gbk	NZ_JAPZSK010000005.1130911-143430-1	1	1	12519	12519	lassopeptide	1	NA	12519	True
WP_068875545.1_region.gbk	NZ_LSJI01000093.116182-288301	1	1	12648	12648	lassopeptide	1	NA	12648	True
WP_397239308.1_region.gbk	NZ_JBITHZ010000078.19768-18478-1	1	1	8710	8710	lanthipeptide-class-iv;lassopeptide	2	NA	8710	True
WP_391674365.1_region.gbk	NZ_JBIBWP010000043.10-95291	1	1	9529	9529	lassopeptide	1	NA	9529	True
TWP43539.1_region.gbk	VOBR01000062.17175-147251	1	1	7550	7550	lassopeptide	1	NA	7550	True
WP_187480300.1_region.gbk	NZ_CP060697.1601832-6144171	1	1	12585	12585	hserlactone;lassopeptide	2	NA	12585	True
WP_311662568.1_region.gbk	NZ_JAVTTN010000001.11907015-19195341	1	1	12519	12519	lassopeptide	1	NA	12519	True
WP_303543462.1_region.gbk	NZ_JAUOTP010000006.123587-36232-1	1	1	12645	12645	lassopeptide	1	NA	12645	True
WP_308251174.1_region.gbk	NZ_JAGMUG010000174.1173959-1865171	1	1	12558	12558	lassopeptide	1	NA	12558	True
WBV65881.1_region.gbk	CP115861.13171919-31845101	1	1	12591	12591	RRE-containing	1	NA	12591	True
WP_150102567.1_region.gbk	NC_014394.1873611-8861871	1	1	12576	12576	lassopeptide	1	NA	12576	True
WP_397615035.1_region.gbk	NZ_JBIRRB010000024.12575-15205-1	1	1	12630	12630	lassopeptide	1	NA	12630	True
PKP92523.1_region.gbk	PHEJ01000033.122895-334381	1	1	10543	10543	hserlactone;lassopeptide	2	NA	10543	True
TAK34832.1_region.gbk	SCTZ01000085.110150-22678-1	1	1	12528	12528	lassopeptide	1	NA	12528	True
WP_376370482.1_region.gbk	NZ_JBHJPR010000025.139565-521261	1	1	12561	12561	lassopeptide	1	NA	12561	True
WP_258718699.1_region.gbk	NZ_CP059557.13283862-32963751	1	1	12513	12513	RRE-containing	1	NA	12513	True
WP_334016990.1_region.gbk	NZ_JASPFT010000001.1771602-7842111	1	1	12609	12609	lassopeptide	1	NA	12609	True
PWB83016.1_region.gbk	PQAN01000192.10-91191	1	1	9119	9119	lassopeptide	1	NA	9119	True
WP_223839045.1_region.gbk	NZ_VWVS01000004.1290869-3034511	1	1	12582	12582	lassopeptide	1	NA	12582	True
WP_363260877.1_region.gbk	NZ_JBFAKN010000010.1164722-177256-1	1	1	12534	12534	lassopeptide	1	NA	12534	True
KAB2960821.1_region.gbk	WBTX01000003.1150475-1629881	1	1	12513	12513	RRE-containing	1	NA	12513	True
WP_062177663.1_region.gbk	NZ_BBRO01000001.1763752-7763941	1	1	12642	12642	lassopeptide	1	NA	12642	True
WP_085217015.1_region.gbk	NZ_LT840185.186747-99338-1	1	1	12591	12591	hserlactone;lassopeptide	2	NA	12591	True
WP_385487641.1_region.gbk	NZ_JBHWIQ010000005.1122786-1354251	1	1	12639	12639	lassopeptide	1	NA	12639	True
WP_176185813.1_region.gbk	NZ_CP054916.19107670-9120225-1	1	1	12555	12555	lassopeptide	1	NA	12555	True
WP_361949893.1_region.gbk	NZ_JBEZXV010000012.1180897-193521-1	1	1	12624	12624	lassopeptide	1	NA	12624	True
WP_420469939.1_region.gbk	NZ_JBLYQL010000001.1477338-489986-1	1	1	12648	12648	lassopeptide	1	NA	12648	True
WP_258053065.1_region.gbk	NZ_PQSQ01000094.121474-304701	1	1	8996	8996	lassopeptide	1	NA	8996	True
WP_351970937.1_region.gbk	NZ_JBEOSW010000074.10-84391	1	1	8439	8439	lassopeptide	1	NA	8439	True
WP_054684638.1_region.gbk	NZ_BBDF01000202.10-49901	1	1	4990	4990	RRE-containing	1	NA	4990	True
WP_403831923.1_region.gbk	NZ_JBIWOD010000013.1191791-2044151	1	1	12624	12624	lassopeptide	1	NA	12624	True
WP_054177363.1_region.gbk	NZ_LIFT01000027.110323-229711	1	1	12648	12648	lassopeptide	1	NA	12648	True
RZJ62165.1_region.gbk	SDXY01000038.10-7920-1	1	1	7920	7920	lassopeptide	1	NA	7920	True
WP_360082042.1_region.gbk	NZ_JBEYEW010000001.1750352-7629761	1	1	12624	12624	lassopeptide	1	NA	12624	True
WP_369062189.1_region.gbk	NZ_CP158375.11681420-1694044-1	1	1	12624	12624	lassopeptide	1	NA	12624	True
WP_322259685.1_region.gbk	NZ_JAXMMG010000388.131244-43760-1	1	1	12516	12516	lassopeptide	1	NA	12516	True
WP_305301573.1_region.gbk	NZ_JAUYRT010000565.124094-35257-1	1	1	11163	11163	lassopeptide	1	NA	11163	True
AUB84963.1_region.gbk	CP020370.16172933-61854851	1	1	12552	12552	RRE-containing	1	NA	12552	True
WP_230190107.1_region.gbk	NZ_CAKKNC010000024.10-106451	1	1	10645	10645	lassopeptide	1	NA	10645	True
WP_336925418.1_region.gbk	NZ_JBHRST010000013.150622-631471	1	1	12525	12525	lassopeptide	1	NA	12525	True
WP_308684532.1_region.gbk	NZ_JAVHLH010000136.1991-7604-1	1	1	6613	6613	lassopeptide	1	NA	6613	True
WP_399791195.1_region.gbk	NZ_JBITXL010000009.1221599-2341121	1	1	12513	12513	lassopeptide	1	NA	12513	True
WP_287004150.1_region.gbk	NZ_QFQL01000031.170299-829081	1	1	12609	12609	lassopeptide	1	NA	12609	True
WP_365583481.1_region.gbk	NZ_JBFAWF010000006.1342184-354808-1	1	1	12624	12624	lassopeptide	1	NA	12624	True
WP_371388695.1_region.gbk	NZ_JANWGI010000010.171067-836641	1	1	12597	12597	lassopeptide	1	NA	12597	True
WP_172598846.1_region.gbk	NZ_AP018519.1146969-1594821	1	1	12513	12513	lassopeptide	1	NA	12513	True
WP_382075118.1_region.gbk	NZ_JBIAKR010000002.1448215-460776-1	1	1	12561	12561	lassopeptide	1	NA	12561	True
WP_363218620.1_region.gbk	NZ_JBITZN010000007.169610-82234-1	1	1	12624	12624	lassopeptide	1	NA	12624	True
WP_380784420.1_region.gbk	NZ_JAXHBZ010000002.1262750-275323-1	1	1	12573	12573	lassopeptide	1	NA	12573	True
WP_269298642.1_region.gbk	NZ_JAPVLY010000003.1381686-394328-1	1	1	12642	12642	lassopeptide	1	NA	12642	True
WP_357390994.1_region.gbk	NZ_JBEYZJ010000012.1245271-257829-1	1	1	12558	12558	NRPS;lassopeptide	2	NA	12558	True
TGQ65560.1_region.gbk	SRUQ01000009.1186974-199493-1	1	1	12519	12519	lassopeptide	1	NA	12519	True
AJP73681.1_region.gbk	CP010836.14504777-4517365-1	1	1	12588	12588	lassopeptide	1	NA	12588	True
WP_207555256.1_region.gbk	NZ_CP071595.16808497-68211121	1	1	12615	12615	lassopeptide	1	NA	12615	True
WP_390643415.1_region.gbk	NZ_JBIAVV010000013.144066-566901	1	1	12624	12624	lassopeptide	1	NA	12624	True
WP_066770010.1_region.gbk	NZ_CP013244.11570802-1583438-1	1	1	12636	12636	hserlactone;lassopeptide	2	NA	12636	True
WP_409020563.1_region.gbk	NZ_CP118634.1928898-9415371	1	1	12639	12639	lassopeptide	1	NA	12639	True
WP_377281693.1_region.gbk	NZ_JBHUEY010000012.179097-91670-1	1	1	12573	12573	lassopeptide	1	NA	12573	True
WP_014137215.1_region.gbk	NZ_WWHA01000001.14572246-4584876-1	1	1	12630	12630	lassopeptide	1	NA	12630	True
WP_360877020.1_region.gbk	NZ_JBEYVX010000073.116316-28871-1	1	1	12555	12555	lassopeptide	1	NA	12555	True
KTE17803.1_region.gbk	LNSA01000001.1314443-326983-1	1	1	12540	12540	lassopeptide	1	NA	12540	True
WP_391589339.1_region.gbk	NZ_JBIBGL010000027.120575-33097-1	1	1	12522	12522	lassopeptide	1	NA	12522	True
WP_317154179.1_region.gbk	NZ_JBQVPQ010000012.10-70081	1	1	7008	7008	lassopeptide	1	NA	7008	True
WP_376634372.1_region.gbk	NZ_JBHJSS010000142.16682-19306-1	1	1	12624	12624	lassopeptide	1	NA	12624	True
WP_415923578.1_region.gbk	NZ_JARAZN010000242.10-6513-1	1	1	6513	6513	lassopeptide	1	NA	6513	True
WP_141458017.1_region.gbk	NZ_CP041222.11155901-1168525-1	1	1	12624	12624	lassopeptide	1	NA	12624	True
WP_193746688.1_region.gbk	NZ_ANFZ01000008.148635-61214-1	1	1	12579	12579	lassopeptide	1	NA	12579	True
WP_361019107.1_region.gbk	NZ_JBEYCQ010000001.1364620-377178-1	1	1	12558	12558	lassopeptide	1	NA	12558	True
WP_343449457.1_region.gbk	NZ_CP154797.198732-111251-1	1	1	12519	12519	lassopeptide	1	NA	12519	True
WP_385285351.1_region.gbk	NZ_JBHWGR010000332.10-6397-1	1	1	6397	6397	lassopeptide	1	NA	6397	True
WP_399359918.1_region.gbk	NZ_JBITEB010000001.11184771-1197395-1	1	1	12624	12624	lassopeptide	1	NA	12624	True
WP_120217896.1_region.gbk	NZ_AP017603.13722285-3734930-1	1	1	12645	12645	lassopeptide	1	NA	12645	True
WP_401689983.1_region.gbk	NZ_JBIVJP010000004.1282488-2951121	1	1	12624	12624	lassopeptide	1	NA	12624	True
WP_222285218.1_region.gbk	NZ_JAAXGB010000031.145711-54755-1	1	1	9044	9044	lassopeptide	1	NA	9044	True
WP_281884304.1_region.gbk	NZ_BQYI01000001.1862154-8746761	1	1	12522	12522	lassopeptide	1	NA	12522	True
WP_296946771.1_region.gbk	NZ_CAJYEB010000023.1412600-4252121	1	1	12612	12612	lassopeptide	1	NA	12612	True
WP_091284399.1_region.gbk	NZ_JADBID010000001.19321832-93343691	1	1	12537	12537	lassopeptide	1	NA	12537	True
PNT93562.1_region.gbk	NIOI01000001.12041350-2053878-1	1	1	12528	12528	lassopeptide	1	NA	12528	True
WP_220201687.1_region.gbk	NZ_BNJK01000001.1878405-890924-1	1	1	12519	12519	lassopeptide	1	NA	12519	True
WP_405048906.1_region.gbk	NZ_JAPZAD010000002.172816-853621	1	1	12546	12546	lassopeptide	1	NA	12546	True
WP_407654897.1_region.gbk	NZ_CP139718.12143616-21562311	1	1	12615	12615	lassopeptide	1	NA	12615	True
WP_381061245.1_region.gbk	NZ_JBHXSP010000004.1204122-2167551	1	1	12633	12633	lassopeptide	1	NA	12633	True
WP_390714282.1_region.gbk	NZ_JBIAWT010000001.11170248-1182872-1	1	1	12624	12624	lassopeptide	1	NA	12624	True
WP_316742429.1_region.gbk	NZ_JAVACL010000017.177441-90035-1	1	1	12594	12594	lassopeptide	1	NA	12594	True
WP_402668547.1_region.gbk	NZ_JBIVKM010000002.1710092-7226741	1	1	12582	12582	lassopeptide	1	NA	12582	True
WP_345693105.1_region.gbk	NZ_JBHSJD010000002.1108763-1213001	1	1	12537	12537	lassopeptide	1	NA	12537	True
WP_331594518.1_region.gbk	NZ_DATBUP010000219.117801-30422-1	1	1	12621	12621	lassopeptide	1	NA	12621	True
WP_184963546.1_region.gbk	NZ_BAAAWF010000101.15142-177391	1	1	12597	12597	lassopeptide	1	NA	12597	True
WP_389884403.1_region.gbk	NZ_JBHVQT010000004.1328129-340738-1	1	1	12609	12609	lassopeptide	1	NA	12609	True
QNP75782.1_region.gbk	CP060828.13677830-3690391-1	1	1	12561	12561	lassopeptide	1	NA	12561	True
WP_202988441.1_region.gbk	NZ_JBQSUM010000001.11527015-1539657-1	1	1	12642	12642	lassopeptide	1	NA	12642	True
WP_159831433.1_region.gbk	NZ_BLJH01000018.191829-104441-1	1	1	12612	12612	hserlactone;lassopeptide	2	NA	12612	True
WP_224594771.1_region.gbk	NZ_JAIUKZ010000009.1153685-1604291	1	1	6744	6744	lassopeptide	1	NA	6744	True
WP_224698117.1_region.gbk	NZ_JAIUGZ010000006.188332-1008871	1	1	12555	12555	lassopeptide	1	NA	12555	True
WP_327284791.1_region.gbk	NZ_CP108118.13869374-3882001-1	1	1	12627	12627	lassopeptide	1	NA	12627	True
WP_043975927.1_region.gbk	NZ_CP030354.1254279-266915-1	1	1	12636	12636	lassopeptide	1	NA	12636	True
WP_040698603.1_region.gbk	NZ_ANAY01000003.1153550-1661711	1	1	12621	12621	lassopeptide	1	NA	12621	True
WP_351248968.1_region.gbk	NZ_JBEOYR010000022.1113981-1266051	1	1	12624	12624	lassopeptide	1	NA	12624	True
WP_427998848.1_region.gbk	NZ_JBLZXF010000036.128591-41209-1	1	1	12618	12618	lassopeptide	1	NA	12618	True
WP_293350610.1_region.gbk	NZ_SCVD01000020.1220607-233243-1	1	1	12636	12636	lassopeptide	1	NA	12636	True
WP_402640720.1_region.gbk	NZ_JBIVBS010000012.171467-84061-1	1	1	12594	12594	lassopeptide	1	NA	12594	True
WP_296352577.1_region.gbk	NZ_JACCWG010000040.10-9634-1	1	1	9634	9634	lassopeptide	1	NA	9634	True
WP_385213265.1_region.gbk	NZ_JBHYVB010000095.117530-30085-1	1	1	12555	12555	lassopeptide	1	NA	12555	True
PLK24411.1_region.gbk	PKRT01000002.1254055-266613-1	1	1	12558	12558	lassopeptide	1	NA	12558	True
WP_206437529.1_region.gbk	NZ_SASG01000032.143077-556141	1	1	12537	12537	lassopeptide	1	NA	12537	True
WP_249416015.1_region.gbk	NZ_BNEL01000001.166674-79298-1	1	1	12624	12624	lassopeptide	1	NA	12624	True
WP_385061989.1_region.gbk	NZ_JBHWKO010000001.137425-50049-1	1	1	12624	12624	lassopeptide	1	NA	12624	True
WP_209516591.1_region.gbk	NZ_JBAZTL010000002.1256796-269375-1	1	1	12579	12579	lassopeptide	1	NA	12579	True
WP_189982522.1_region.gbk	NZ_BNBF01000009.1145096-1577111	1	1	12615	12615	lassopeptide	1	NA	12615	True
WP_305267091.1_region.gbk	NZ_JAUXVR010000005.17992-20529-1	1	1	12537	12537	lassopeptide	1	NA	12537	True
QKD00273.1_region.gbk	CP033367.1269261-2817801	1	1	12519	12519	lassopeptide	1	NA	12519	True
WP_364933392.1_region.gbk	NZ_JBFBJR010000018.153567-66191-1	1	1	12624	12624	lassopeptide	1	NA	12624	True
WP_393093979.1_region.gbk	NZ_JBICTA010000003.1679385-691919-1	1	1	12534	12534	lassopeptide	1	NA	12534	True
WP_009742613.1_region.gbk	NZ_CM001489.17085723-7098260-1	1	1	12537	12537	lassopeptide	1	NA	12537	True
WP_360774005.1_region.gbk	NZ_JBFACK010000013.135715-482341	1	1	12519	12519	lassopeptide	1	NA	12519	True
WP_073863295.1_region.gbk	NZ_LISW01000003.149726-622841	1	1	12558	12558	lassopeptide	1	NA	12558	True
WP_387358771.1_region.gbk	NZ_JBIAMW010000003.1477583-4901051	1	1	12522	12522	lassopeptide	1	NA	12522	True
WP_339864838.1_region.gbk	NZ_CAXBMK010000007.152630-65170-1	1	1	12540	12540	hserlactone;lassopeptide	2	NA	12540	True
WP_097873407.1_region.gbk	NZ_NTHC01000001.1111509-1232921	1	1	11783	11783	lassopeptide	1	NA	11783	True
WP_274039503.1_region.gbk	NZ_JANCPR020000014.1162672-1753021	1	1	12630	12630	lassopeptide	1	NA	12630	True
WP_173873775.1_region.gbk	NZ_CP191151.16628817-66413391	1	1	12522	12522	RRE-containing	1	NA	12522	True
WP_401388955.1_region.gbk	NZ_JBIVJQ010000002.1126851-139466-1	1	1	12615	12615	lassopeptide	1	NA	12615	True
WP_375188513.1_region.gbk	NZ_JBHIWD010000027.19698-222621	1	1	12564	12564	lassopeptide	1	NA	12564	True
WP_250090052.1_region.gbk	NZ_JAMJVZ010000029.121300-339121	1	1	12612	12612	lassopeptide;ectoine	2	NA	12612	True
WP_234281151.1_region.gbk	NZ_JAKCMJ010000052.170394-829101	1	1	12516	12516	lassopeptide	1	NA	12516	True
WP_336231306.1_region.gbk	NZ_JBAHYJ020000089.184501-97035-1	1	1	12534	12534	lassopeptide	1	NA	12534	True
WP_403817587.1_region.gbk	NZ_JBIWGA010000002.1614501-627125-1	1	1	12624	12624	lassopeptide	1	NA	12624	True
WP_338467591.1_region.gbk	NZ_CP136651.1653044-6655961	1	1	12552	12552	lassopeptide	1	NA	12552	True
WP_107655862.1_region.gbk	NZ_LT985361.13684189-36967111	1	1	12522	12522	lassopeptide;terpene	2	NA	12522	True
WP_409632138.1_region.gbk	NZ_JBKBRP010000031.10-12148-1	1	1	12148	12148	lassopeptide	1	NA	12148	True
GAM97029.1_region.gbk	BBSY01000002.1284601-297207-1	1	1	12606	12606	hserlactone;lassopeptide	2	NA	12606	True
WP_362194568.1_region.gbk	NZ_JBEZUP010000012.1215156-2277801	1	1	12624	12624	lassopeptide	1	NA	12624	True
WP_211956372.1_region.gbk	NZ_JBHSDX010000038.154708-67347-1	1	1	12639	12639	lassopeptide	1	NA	12639	True
WP_312165969.1_region.gbk	NZ_DAMABV010000010.196396-1089991	1	1	12603	12603	lassopeptide	1	NA	12603	True
WP_017605497.1_region.gbk	NZ_ANBD01000111.128942-41569-1	1	1	12627	12627	lassopeptide	1	NA	12627	True
WP_139150049.1_region.gbk	NZ_LVJD01000232.10-65201	1	1	6520	6520	lassopeptide	1	NA	6520	True
GAA0411755.1_region.gbk	BAAABX010000042.10-8995-1	1	1	8995	8995	lassopeptide	1	NA	8995	True
OYX74264.1_region.gbk	NCEV01000001.1135902-1485171	1	1	12615	12615	lassopeptide	1	NA	12615	True
WP_198659151.1_region.gbk	NZ_QPNC01000015.164085-766881	1	1	12603	12603	lassopeptide	1	NA	12603	True
WP_349257420.1_region.gbk	NZ_MAQZ01000036.19798-223651	1	1	12567	12567	lassopeptide	1	NA	12567	True
WP_081059997.1_region.gbk	NZ_CP143589.11375812-1388433-1	1	1	12621	12621	lassopeptide	1	NA	12621	True
WP_192886500.1_region.gbk	NZ_PHGS01000013.138343-509371	1	1	12594	12594	lassopeptide	1	NA	12594	True
WP_338605634.1_region.gbk	NZ_AP028679.11099706-1112231-1	1	1	12525	12525	RRE-containing	1	NA	12525	True
WP_360657052.1_region.gbk	NZ_JBEYHN010000204.10-83721	1	1	8372	8372	lassopeptide	1	NA	8372	True
WP_109185063.1_region.gbk	NZ_JBMVEI010000006.1510023-522590-1	1	1	12567	12567	lassopeptide	1	NA	12567	True
WP_127409241.1_region.gbk	NZ_RZTS01000599.10-1393-1	1	1	1393	1393	lassopeptide	1	NA	1393	True
WP_374146032.1_region.gbk	NZ_NCGD01000008.160557-73157-1	1	1	12600	12600	lassopeptide	1	NA	12600	True
WP_280723341.1_region.gbk	NZ_JARZAI010000006.1217393-230023-1	1	1	12630	12630	lassopeptide	1	NA	12630	True
WP_352568223.1_region.gbk	NZ_JAMYMY010000021.118205-30724-1	1	1	12519	12519	lassopeptide	1	NA	12519	True
WP_405188123.1_region.gbk	NZ_CP109517.13490925-35035491	1	1	12624	12624	lassopeptide	1	NA	12624	True
WP_169731744.1_region.gbk	NZ_KK073876.11599023-16115661	1	1	12543	12543	RRE-containing	1	NA	12543	True
WP_431776560.1_region.gbk	NZ_CBDRKM010000048.10-9595-1	1	1	9595	9595	lassopeptide	1	NA	9595	True
WP_377470589.1_region.gbk	NZ_JBHLWN010000048.10-12203-1	1	1	12203	12203	lassopeptide	1	NA	12203	True
WP_386335346.1_region.gbk	NZ_JBHYMV010000018.133849-464011	1	1	12552	12552	lassopeptide	1	NA	12552	True
WP_422125391.1_region.gbk	NZ_JARFNK010000011.10-71101	1	1	7110	7110	lassopeptide	1	NA	7110	True
WP_361506178.1_region.gbk	NZ_JBEYXZ010000022.149727-623511	1	1	12624	12624	NI-siderophore;lassopeptide	2	NA	12624	True
WP_201814333.1_region.gbk	NZ_JAERRH010000002.177626-90250-1	1	1	12624	12624	lassopeptide	1	NA	12624	True
GFE75796.1_region.gbk	BLJH01000015.1126599-139130-1	1	1	12531	12531	lassopeptide	1	NA	12531	True
WP_377454240.1_region.gbk	NZ_JAXHCF010000001.12185721-2198279-1	1	1	12558	12558	RRE-containing	1	NA	12558	True
WP_317446578.1_region.gbk	NZ_CP136667.17666815-76794391	1	1	12624	12624	lassopeptide	1	NA	12624	True
WP_405413318.1_region.gbk	NZ_CP108684.13828216-38408401	1	1	12624	12624	lassopeptide	1	NA	12624	True
WP_304777585.1_region.gbk	NZ_JAUYAF010000097.13876-164671	1	1	12591	12591	lassopeptide	1	NA	12591	True
WP_326772941.1_region.gbk	NZ_CP109485.12238065-22506891	1	1	12624	12624	lassopeptide	1	NA	12624	True
WP_358643517.1_region.gbk	NZ_JBFAEV010000026.1123791-1363431	1	1	12552	12552	lassopeptide	1	NA	12552	True
WP_404052981.1_region.gbk	NZ_JBIWPP010000003.1505381-518005-1	1	1	12624	12624	lassopeptide	1	NA	12624	True
WP_426275187.1_region.gbk	NZ_JBLTWP010000002.1573388-585994-1	1	1	12606	12606	hserlactone;lassopeptide	2	NA	12606	True
WP_189933673.1_region.gbk	NZ_BMSX01000003.1264615-277212-1	1	1	12597	12597	lassopeptide	1	NA	12597	True
WP_332794427.1_region.gbk	NZ_JAXOJQ010000007.152994-65633-1	1	1	12639	12639	lassopeptide	1	NA	12639	True
WP_412768275.1_region.gbk	NZ_JAPTMY010000018.146874-594321	1	1	12558	12558	lassopeptide	1	NA	12558	True
WP_322335149.1_region.gbk	NZ_CP139716.143652-56285-1	1	1	12633	12633	lassopeptide	1	NA	12633	True
WP_376723647.1_region.gbk	NZ_JAYMRN010000009.1158033-170645-1	1	1	12612	12612	lassopeptide	1	NA	12612	True
WP_167297750.1_region.gbk	NZ_JAASQV010000001.179405-920471	1	1	12642	12642	lassopeptide	1	NA	12642	True
WP_398486450.1_region.gbk	NZ_JBIRGD010000044.18448-21009-1	1	1	12561	12561	lassopeptide	1	NA	12561	True
WP_291782450.1_region.gbk	NZ_JAKVIZ010000007.1127271-1399161	1	1	12645	12645	lassopeptide	1	NA	12645	True
WP_345047231.1_region.gbk	NZ_JBEZBT010000054.119976-32600-1	1	1	12624	12624	lassopeptide	1	NA	12624	True
WP_388284614.1_region.gbk	NZ_JBIAKC010000030.118854-31490-1	1	1	12636	12636	lassopeptide	1	NA	12636	True
WP_111515042.1_region.gbk	NZ_QFYR01000002.1319702-3323261	1	1	12624	12624	lassopeptide	1	NA	12624	True
WP_376532431.1_region.gbk	NZ_JBHJYN010000017.1113985-126564-1	1	1	12579	12579	lassopeptide	1	NA	12579	True
TKB62262.1_region.gbk	SWDP01000002.1122483-1350231	1	1	12540	12540	RRE-containing	1	NA	12540	True
WP_399204418.1_region.gbk	NZ_JAIMIA010000219.10-4169-1	1	1	4169	4169	RRE-containing	1	NA	4169	True
WP_343793685.1_region.gbk	NZ_BAAAGA010000005.1402305-414938-1	1	1	12633	12633	lassopeptide	1	NA	12633	True
TVR85001.1_region.gbk	REEP01000004.10-31321	1	1	3132	3132	RRE-containing	1	NA	3132	True
WP_269078641.1_region.gbk	NZ_BCZF01000043.10-109081	1	1	10908	10908	hserlactone;lassopeptide	2	NA	10908	True
WP_382849123.1_region.gbk	NZ_JBHTXO010000001.1119590-1322291	1	1	12639	12639	lassopeptide	1	NA	12639	True
PYN44840.1_region.gbk	QHSV01000169.110273-21566-1	1	1	11293	11293	lassopeptide	1	NA	11293	True
WP_399666453.1_region.gbk	NZ_JBIUBL010000016.136726-493621	1	1	12636	12636	lassopeptide	1	NA	12636	True
WP_373910049.1_region.gbk	NZ_JBIDDP010000006.1414341-426965-1	1	1	12624	12624	lassopeptide	1	NA	12624	True
WP_245235984.1_region.gbk	NZ_JNXR01000039.134684-47308-1	1	1	12624	12624	lassopeptide;bottromycin	2	NA	12624	True
WP_267527553.1_region.gbk	NZ_CP113061.11685371-16979051	1	1	12534	12534	lassopeptide	1	NA	12534	True
WP_078503559.1_region.gbk	NZ_KB905814.1271515-284082-1	1	1	12567	12567	lassopeptide	1	NA	12567	True
WP_360334913.1_region.gbk	NZ_JBEYDI010000007.160573-731971	1	1	12624	12624	lassopeptide	1	NA	12624	True
WP_063004884.1_region.gbk	NZ_JBFAJU010000012.144380-56938-1	1	1	12558	12558	lassopeptide	1	NA	12558	True
WP_183612877.1_region.gbk	NZ_JACICY010000003.1464495-477065-1	1	1	12570	12570	lassopeptide	1	NA	12570	True
WP_385523754.1_region.gbk	NZ_JBHWHI010000025.15267-178911	1	1	12624	12624	lassopeptide	1	NA	12624	True
WP_331012818.1_region.gbk	NZ_DASVSH010000001.114528-271671	1	1	12639	12639	hserlactone;lassopeptide	2	NA	12639	True
WP_245766794.1_region.gbk	NZ_MLYP01000036.160254-72875-1	1	1	12621	12621	lassopeptide	1	NA	12621	True
WP_146480382.1_region.gbk	NZ_CP042266.12843326-28559651	1	1	12639	12639	lassopeptide	1	NA	12639	True
WP_208886407.1_region.gbk	NZ_CP011799.18704577-87171801	1	1	12603	12603	lassopeptide	1	NA	12603	True
TPJ16771.1_region.gbk	VFTY01000004.1374150-3866691	1	1	12519	12519	lassopeptide	1	NA	12519	True
WP_053643625.1_region.gbk	NZ_LGEE01000058.172284-848481	1	1	12564	12564	lassopeptide	1	NA	12564	True
WP_365712567.1_region.gbk	NZ_JBFAXI010000119.13996-16590-1	1	1	12594	12594	lassopeptide	1	NA	12594	True
WP_228771379.1_region.gbk	NZ_FMZZ01000001.1523317-5359021	1	1	12585	12585	lassopeptide	1	NA	12585	True
WP_157549314.1_region.gbk	NZ_JBFBPI010000083.119000-31630-1	1	1	12630	12630	lassopeptide	1	NA	12630	True
WP_358930201.1_region.gbk	NZ_JBEYRK010000055.10-114001	1	1	11400	11400	lassopeptide	1	NA	11400	True
WP_389324427.1_region.gbk	NZ_JBIARQ010000001.1516254-528848-1	1	1	12594	12594	lassopeptide	1	NA	12594	True
WP_356566694.1_region.gbk	NZ_JBEXQD010000037.126893-394541	1	1	12561	12561	lassopeptide	1	NA	12561	True
OGW51714.1_region.gbk	MHEH01000216.115427-24373-1	1	1	8946	8946	RRE-containing	1	NA	8946	True
WP_188643270.1_region.gbk	NZ_BMKL01000001.115065-276801	1	1	12615	12615	hserlactone;lassopeptide	2	NA	12615	True
WP_404827276.1_region.gbk	NZ_WWHH01000043.10-102431	1	1	10243	10243	lassopeptide	1	NA	10243	True
WP_072895516.1_region.gbk	NZ_FRCG01000016.10-104481	1	1	10448	10448	lassopeptide	1	NA	10448	True
WP_279728022.1_region.gbk	NZ_CP147003.11871996-18845721	1	1	12576	12576	lassopeptide	1	NA	12576	True
WP_395804691.1_region.gbk	NZ_CP043493.17408710-7421244-1	1	1	12534	12534	lassopeptide	1	NA	12534	True
PLW68405.1_region.gbk	PKUS01000015.165477-780321	1	1	12555	12555	lassopeptide	1	NA	12555	True
TMQ60597.1_region.gbk	VBOW01000013.135615-482421	1	1	12627	12627	RRE-containing	1	NA	12627	True
WP_030263374.1_region.gbk	NZ_JOBH01000015.1103561-116074-1	1	1	12513	12513	lassopeptide	1	NA	12513	True
WP_387860499.1_region.gbk	NZ_JBIASJ010000001.1608833-6214601	1	1	12627	12627	lassopeptide	1	NA	12627	True
WP_051433264.1_region.gbk	NZ_KI911740.1103299-115902-1	1	1	12603	12603	lassopeptide	1	NA	12603	True
WP_275558212.1_region.gbk	NZ_JALXFU010000004.1366972-379530-1	1	1	12558	12558	lassopeptide	1	NA	12558	True
WP_376686193.1_region.gbk	NZ_JBHJQP010000065.130889-395821	1	1	8693	8693	lassopeptide	1	NA	8693	True
WP_385181420.1_region.gbk	NZ_JBHYVA010000020.115477-281041	1	1	12627	12627	lassopeptide	1	NA	12627	True
WP_266008171.1_region.gbk	NZ_JAPFGP010000019.133852-465001	1	1	12648	12648	lassopeptide	1	NA	12648	True
WP_386369193.1_region.gbk	NZ_JBHYMR010000058.17913-204711	1	1	12558	12558	lassopeptide	1	NA	12558	True
WP_166746617.1_region.gbk	NZ_JAAOYQ010000001.11275971-1288610-1	1	1	12639	12639	RRE-containing	1	NA	12639	True
GAB2579048.1_region.gbk	BAAGTD010000004.143232-55769-1	1	1	12537	12537	lassopeptide	1	NA	12537	True
WP_362000033.1_region.gbk	NZ_JBEZWU010000045.112450-250741	1	1	12624	12624	lassopeptide	1	NA	12624	True
WP_197421445.1_region.gbk	NZ_LSJY01000015.12919-155641	1	1	12645	12645	lassopeptide	1	NA	12645	True
WP_336918010.1_region.gbk	NZ_JBHRSU010000004.1206059-218584-1	1	1	12525	12525	lassopeptide	1	NA	12525	True
WP_124197250.1_region.gbk	NZ_REGA01000022.148953-61490-1	1	1	12537	12537	lassopeptide	1	NA	12537	True
TKB91032.1_region.gbk	SWDH01000038.1101769-1143301	1	1	12561	12561	RRE-containing	1	NA	12561	True
WP_361813635.1_region.gbk	NZ_JBEYXB010000023.1416-12971-1	1	1	12555	12555	lassopeptide;terpene	2	NA	12555	True
ATR85339.1_region.gbk	CP024478.15061449-5074013-1	1	1	12564	12564	lassopeptide	1	NA	12564	True
WP_372683810.1_region.gbk	NZ_JBFELV010000531.10-3194-1	1	1	3194	3194	RRE-containing	1	NA	3194	True
RIE01773.1_region.gbk	QXJM01000039.186306-988221	1	1	12516	12516	lassopeptide	1	NA	12516	True
WP_355734354.1_region.gbk	NZ_JBEXLA010000007.1177598-190240-1	1	1	12642	12642	lassopeptide	1	NA	12642	True
WP_385059830.1_region.gbk	NZ_JBHZBI010000003.144206-567701	1	1	12564	12564	lassopeptide	1	NA	12564	True
WP_158599771.1_region.gbk	NZ_QYUL01000001.1619859-6323961	1	1	12537	12537	lassopeptide	1	NA	12537	True
WP_285731981.1_region.gbk	NZ_JASCXJ010000011.1133778-1464021	1	1	12624	12624	lassopeptide	1	NA	12624	True
TVR58253.1_region.gbk	REEC01000138.10-99861	1	1	9986	9986	lassopeptide	1	NA	9986	True
SPP66705.1_region.gbk	OUNR01000021.1102242-114773-1	1	1	12531	12531	RRE-containing	1	NA	12531	True
WP_129789142.1_region.gbk	NZ_UWYY01000022.198054-110657-1	1	1	12603	12603	lassopeptide	1	NA	12603	True
WP_410643440.1_region.gbk	NZ_JAJPWT010000014.187677-100217-1	1	1	12540	12540	lassopeptide	1	NA	12540	True
WP_159079599.1_region.gbk	NZ_CP028158.17629596-76421991	1	1	12603	12603	lassopeptide	1	NA	12603	True
RUU06930.1_region.gbk	RZTU01000177.10-87221	1	1	8722	8722	lassopeptide	1	NA	8722	True
WP_247860545.1_region.gbk	NZ_JALLPQ010000001.13062682-3075291-1	1	1	12609	12609	lassopeptide	1	NA	12609	True
WP_063611274.1_region.gbk	NZ_LSES01000060.15997-12546-1	1	1	6549	6549	lassopeptide	1	NA	6549	True
WP_385109364.1_region.gbk	NZ_JBHWHT010000020.195436-107982-1	1	1	12546	12546	lassopeptide	1	NA	12546	True
WP_351500742.1_region.gbk	NZ_JBEOYT010000165.15812-18436-1	1	1	12624	12624	lassopeptide	1	NA	12624	True
WP_360975943.1_region.gbk	NZ_JBEYVV010000007.153307-659311	1	1	12624	12624	lassopeptide	1	NA	12624	True
WP_264393693.1_region.gbk	NZ_CP078091.1954422-967046-1	1	1	12624	12624	lassopeptide	1	NA	12624	True
WP_173707208.1_region.gbk	NZ_JABSWL010000001.1250448-2629791	1	1	12531	12531	lassopeptide	1	NA	12531	True
WP_221522121.1_region.gbk	NZ_JACHJV010000001.13885351-38979091	1	1	12558	12558	lassopeptide	1	NA	12558	True
WP_401624291.1_region.gbk	NZ_JBIVFO010000047.120644-332081	1	1	12564	12564	lassopeptide	1	NA	12564	True
WP_275003235.1_region.gbk	NZ_JAJQMN010000004.1361125-3737251	1	1	12600	12600	lassopeptide	1	NA	12600	True
WP_353440713.1_region.gbk	NZ_JAPZPR010000001.1102799-115366-1	1	1	12567	12567	lassopeptide	1	NA	12567	True
WP_429598687.1_region.gbk	NZ_JBNPXQ010000011.115102-276841	1	1	12582	12582	lassopeptide	1	NA	12582	True
WP_158682180.1_region.gbk	NZ_CP026381.11499214-1511853-1	1	1	12639	12639	lassopeptide	1	NA	12639	True
WP_289272135.1_region.gbk	NZ_JAUASX010000001.1448744-4612571	1	1	12513	12513	lassopeptide	1	NA	12513	True
WP_058537068.1_region.gbk	NZ_CP145810.1799051-8116931	1	1	12642	12642	RRE-containing	1	NA	12642	True
WP_344581824.1_region.gbk	NZ_BAAARK010000024.190721-103324-1	1	1	12603	12603	lassopeptide	1	NA	12603	True
WP_387577989.1_region.gbk	NZ_JBIAUF010000021.112980-25610-1	1	1	12630	12630	lassopeptide	1	NA	12630	True
WP_298748136.1_region.gbk	NZ_CALMZS010000226.10-9751-1	1	1	9751	9751	lassopeptide	1	NA	9751	True
WP_232788977.1_region.gbk	NZ_LATD01000203.19469-172191	1	1	7750	7750	lassopeptide	1	NA	7750	True
WP_427716476.1_region.gbk	NZ_JBNNPF010000051.128369-40927-1	1	1	12558	12558	lassopeptide	1	NA	12558	True
WP_331009786.1_region.gbk	NZ_DASVYD010000074.159507-72149-1	1	1	12642	12642	hserlactone;lassopeptide	2	NA	12642	True
WP_109839500.1_region.gbk	NZ_QGKM01000082.10-76461	1	1	7646	7646	RRE-containing	1	NA	7646	True
WP_400682349.1_region.gbk	NZ_JBIVKJ010000003.1617277-6298981	1	1	12621	12621	lassopeptide	1	NA	12621	True
WP_206864579.1_region.gbk	NZ_CP066203.1849102-8616901	1	1	12588	12588	RRE-containing;hserlactone	2	NA	12588	True
WP_051560551.1_region.gbk	NZ_KK211337.143781-563121	1	1	12531	12531	lassopeptide	1	NA	12531	True
WP_241717398.1_region.gbk	NZ_JAJFAU010000092.1727-13273-1	1	1	12546	12546	RRE-containing	1	NA	12546	True
WP_089216784.1_region.gbk	NZ_FZPA01000011.1133710-146352-1	1	1	12642	12642	lassopeptide	1	NA	12642	True
WP_358267411.1_region.gbk	NZ_JBEZXT010000040.167877-80501-1	1	1	12624	12624	lassopeptide	1	NA	12624	True
GAB3729401.1_region.gbk	BAAGZJ010000037.10-87591	1	1	8759	8759	lassopeptide	1	NA	8759	True
WP_037965156.1_region.gbk	NZ_JABQ01000129.17992-205471	1	1	12555	12555	lassopeptide	1	NA	12555	True
WP_399934758.1_region.gbk	NZ_JBITWZ010000011.1107891-120506-1	1	1	12615	12615	lassopeptide	1	NA	12615	True
WP_403403652.1_region.gbk	NZ_JBIWOQ010000001.1445599-4582021	1	1	12603	12603	lassopeptide	1	NA	12603	True
WP_223798694.1_region.gbk	NZ_CP082839.11021552-1034149-1	1	1	12597	12597	lassopeptide	1	NA	12597	True
WP_293841786.1_region.gbk	NZ_JADIZJ010000001.11525316-15379611	1	1	12645	12645	lassopeptide	1	NA	12645	True
WP_182451053.1_region.gbk	NZ_CP048289.12124535-21371591	1	1	12624	12624	lassopeptide	1	NA	12624	True
WP_067586116.1_region.gbk	NZ_JABMCZ010000005.11567090-1579717-1	1	1	12627	12627	lassopeptide	1	NA	12627	True
WP_163886844.1_region.gbk	NZ_LOAS01000071.10-69371	1	1	6937	6937	lassopeptide	1	NA	6937	True
WP_218042720.1_region.gbk	NZ_JAEVLS010000002.1490061-502679-1	1	1	12618	12618	lassopeptide	1	NA	12618	True
WP_099793565.1_region.gbk	NZ_JBHLYV010000004.17151-197931	1	1	12642	12642	lassopeptide	1	NA	12642	True
WP_412719922.1_region.gbk	NZ_JBKJFL010000009.1217742-226863-1	1	1	9121	9121	lassopeptide	1	NA	9121	True
WP_397939093.1_region.gbk	NZ_JBIRLX010000012.1121925-1345491	1	1	12624	12624	lassopeptide	1	NA	12624	True
WP_223283997.1_region.gbk	NZ_JAKKZF010000127.10-10405-1	1	1	10405	10405	lassopeptide	1	NA	10405	True
WP_119511831.1_region.gbk	NZ_QXFK01000011.19761-223581	1	1	12597	12597	lassopeptide	1	NA	12597	True
WP_391368576.1_region.gbk	NZ_JBIBHY010000001.1692777-7053801	1	1	12603	12603	lassopeptide	1	NA	12603	True
WP_345746536.1_region.gbk	NZ_JBCFOK010000009.127049-396521	1	1	12603	12603	lassopeptide	1	NA	12603	True
WP_337180696.1_region.gbk	NZ_JBBCKF010000068.141063-53705-1	1	1	12642	12642	lassopeptide	1	NA	12642	True
WP_292623809.1_region.gbk	NZ_NCII01000041.17927-20458-1	1	1	12531	12531	lassopeptide	1	NA	12531	True
WP_262380053.1_region.gbk	NZ_VSEY01000026.1100275-112815-1	1	1	12540	12540	lassopeptide	1	NA	12540	True
WP_023973415.1_region.gbk	NZ_CP011966.31227345-12398761	1	1	12531	12531	lassopeptide	1	NA	12531	True
WP_168013162.1_region.gbk	NZ_WWNB01000003.1224957-2374791	1	1	12522	12522	lassopeptide	1	NA	12522	True
TPK74018.1_region.gbk	VFUZ01000005.178104-906231	1	1	12519	12519	lassopeptide	1	NA	12519	True
WP_423591514.1_region.gbk	NZ_JBMUZT010000006.1435378-4479001	1	1	12522	12522	lassopeptide	1	NA	12522	True
TVW02821.1_region.gbk	VMUY01000166.10-22301	1	1	2230	2230	lassopeptide	1	NA	2230	True
WP_337712507.1_region.gbk	NZ_JBBEGE010000001.132291-44915-1	1	1	12624	12624	hserlactone;lassopeptide	2	NA	12624	True
WP_252259005.1_region.gbk	NZ_CP090949.178698-912561	1	1	12558	12558	lassopeptide	1	NA	12558	True
WP_415008294.1_region.gbk	NZ_JASGGV010000002.12613407-26260101	1	1	12603	12603	lassopeptide	1	NA	12603	True
WP_232837138.1_region.gbk	NZ_QFWW01000029.1134827-1474301	1	1	12603	12603	RRE-containing	1	NA	12603	True
WP_183618935.1_region.gbk	NZ_JACIDY010000017.11521-141541	1	1	12633	12633	lassopeptide	1	NA	12633	True
WP_244174994.1_region.gbk	NZ_JBIWPM010000004.1770012-7826361	1	1	12624	12624	lassopeptide	1	NA	12624	True
WP_293455520.1_region.gbk	NZ_WGNY01000022.1120410-1330551	1	1	12645	12645	lassopeptide	1	NA	12645	True
WP_331028784.1_region.gbk	NZ_DASWTG010000060.153493-660961	1	1	12603	12603	hserlactone;lassopeptide	2	NA	12603	True
WP_206679126.1_region.gbk	NZ_SMZP01000010.117685-30291-1	1	1	12606	12606	lassopeptide	1	NA	12606	True
WP_292151820.1_region.gbk	NZ_JAEMRD010000006.13880-16513-1	1	1	12633	12633	lassopeptide	1	NA	12633	True
WP_245477057.1_region.gbk	NZ_RZQR01000332.10-56551	1	1	5655	5655	lassopeptide	1	NA	5655	True
WP_231381819.1_region.gbk	NZ_AXBJ01000026.144622-57258-1	1	1	12636	12636	lassopeptide	1	NA	12636	True
BDX79896.1_region.gbk	AP027330.11806994-18195911	1	1	12597	12597	hserlactone;lassopeptide	2	NA	12597	True
WP_361357851.1_region.gbk	NZ_JBEYYC010000001.1470241-482865-1	1	1	12624	12624	lassopeptide	1	NA	12624	True
WP_129469866.1_region.gbk	NZ_SAWZ01000002.186995-99601-1	1	1	12606	12606	lassopeptide	1	NA	12606	True
WP_384765610.1_region.gbk	NZ_JBHYJA010000008.153499-66012-1	1	1	12513	12513	lassopeptide	1	NA	12513	True
WP_242563299.1_region.gbk	NZ_JALDPT010000006.1132266-1449051	1	1	12639	12639	lassopeptide	1	NA	12639	True
WP_388603866.1_region.gbk	NZ_JBIAUZ010000015.1247243-259867-1	1	1	12624	12624	lassopeptide	1	NA	12624	True
WP_427305550.1_region.gbk	NZ_JBNNNA010000007.1168365-181007-1	1	1	12642	12642	lassopeptide	1	NA	12642	True
WP_365485828.1_region.gbk	NZ_JBFBJK010000003.1138271-1508081	1	1	12537	12537	lassopeptide	1	NA	12537	True
WP_093796001.1_region.gbk	NZ_CP155571.11263320-12758481	1	1	12528	12528	RRE-containing	1	NA	12528	True
AXK34369.1_region.gbk	CP031320.14293455-43061001	1	1	12645	12645	lassopeptide	1	NA	12645	True
WP_361272311.1_region.gbk	NZ_JBEYXH010000026.146874-594981	1	1	12624	12624	lassopeptide	1	NA	12624	True
WP_367004529.1_region.gbk	NZ_JBFEFM010000007.173224-858421	1	1	12618	12618	lassopeptide	1	NA	12618	True
RYD68411.1_region.gbk	SEFV01000008.13988-142311	1	1	10243	10243	lassopeptide	1	NA	10243	True
CCW19661.1_region.gbk	CAVK010000217.10-64091	1	1	6409	6409	lassopeptide	1	NA	6409	True
WP_395943340.1_region.gbk	NZ_JBIIOP010000002.1226908-2395531	1	1	12645	12645	lassopeptide	1	NA	12645	True
WP_282423120.1_region.gbk	NZ_JASBQE010000079.140407-52926-1	1	1	12519	12519	RRE-containing	1	NA	12519	True
WP_190074402.1_region.gbk	NZ_JBEPFB010000018.169881-824451	1	1	12564	12564	lassopeptide	1	NA	12564	True
WP_295878547.1_region.gbk	NZ_CAJXYK010000001.1212630-225248-1	1	1	12618	12618	RRE-containing	1	NA	12618	True
WP_084375464.1_region.gbk	NZ_DALYTD010000022.120719-33250-1	1	1	12531	12531	lassopeptide	1	NA	12531	True
WP_409964710.1_region.gbk	NZ_JBKDQT010000100.10-106881	1	1	10688	10688	lassopeptide	1	NA	10688	True
WP_332374387.1_region.gbk	NZ_JAPNUH010000003.1406305-4188931	1	1	12588	12588	lassopeptide	1	NA	12588	True
WP_312204907.1_region.gbk	NZ_DALYTI010000095.10-8393-1	1	1	8393	8393	lassopeptide	1	NA	8393	True
WP_294002819.1_region.gbk	NZ_JAEKKT010000161.16030-18654-1	1	1	12624	12624	lassopeptide	1	NA	12624	True
WP_255502439.1_region.gbk	NZ_JACJRJ010000033.16457-18991-1	1	2181	12534	10354	RRE-containing	1	NA	12534	True
WP_167922195.1_region.gbk	NZ_JBHRYP010000004.190769-1034171	1	1	12648	12648	hserlactone;lassopeptide	2	NA	12648	True
WP_158511856.1_region.gbk	NC_015580.11718239-17308541	1	1	12615	12615	lassopeptide	1	NA	12615	True
WP_409676066.1_region.gbk	NZ_JBKBOG010000020.10-10050-1	1	1	10050	10050	lassopeptide	1	NA	10050	True
WP_219354028.1_region.gbk	NZ_CP080034.11140144-1152777-1	1	1	12633	12633	lassopeptide	1	NA	12633	True
WP_407875174.1_region.gbk	NZ_AP025760.169359-819741	1	1	12615	12615	lassopeptide	1	NA	12615	True
WP_348156183.1_region.gbk	NZ_JBDXHB010000009.1221830-2317211	1	1	9891	9891	lassopeptide	1	NA	9891	True
WP_066649303.1_region.gbk	NZ_LSIJ01000021.1116311-128848-1	1	1	12537	12537	lassopeptide	1	NA	12537	True
WP_101276234.1_region.gbk	NZ_JBMVDA010000028.125394-380031	1	1	12609	12609	lassopeptide	1	NA	12609	True
WP_206742049.1_region.gbk	NZ_JMIW01000009.1134924-1474671	1	1	12543	12543	lassopeptide	1	NA	12543	True
WP_307808059.1_region.gbk	NZ_JADKMA010000015.10-7675-1	1	1	7675	7675	lassopeptide	1	NA	7675	True
GMQ79462.1_region.gbk	BTQB01000317.10-3497-1	1	1	3497	3497	RRE-containing	1	NA	3497	True
WEK43259.1_region.gbk	CP119315.13767725-3780301-1	1	1	12576	12576	lassopeptide	1	NA	12576	True
WP_422647565.1_region.gbk	NZ_CP186005.1654778-667378-1	1	1	12600	12600	lassopeptide	1	NA	12600	True
WP_403675994.1_region.gbk	NZ_JBIWOX010000002.1174180-1867651	1	1	12585	12585	lassopeptide	1	NA	12585	True
WP_257817047.1_region.gbk	NZ_JAJONA010000001.12779484-27921261	1	1	12642	12642	lassopeptide	1	NA	12642	True
WP_254417032.1_region.gbk	NZ_CP099837.14322691-43352101	1	1	12519	12519	lassopeptide	1	NA	12519	True
WP_390748254.1_region.gbk	NZ_JBIAXT010000042.10-104461	1	1	10446	10446	lassopeptide	1	NA	10446	True
WP_275040782.1_region.gbk	NZ_ANBF01000087.111332-238691	1	1	12537	12537	lassopeptide	1	NA	12537	True
WP_217672957.1_region.gbk	NZ_JAHRGM010000018.134738-47269-1	1	1	12531	12531	lassopeptide	1	NA	12531	True
WP_294103919.1_region.gbk	NZ_JAIEPC010000043.123397-359311	1	1	12534	12534	lassopeptide	1	NA	12534	True
PYN44097.1_region.gbk	QHSQ01000213.10-3202-1	1	1	3202	3202	lassopeptide	1	NA	3202	True
WP_191558269.1_region.gbk	NZ_CAJFZY010000012.172573-82331-1	1	1	9758	9758	lassopeptide	1	NA	9758	True
WP_018539564.1_region.gbk	NZ_WWGW01000119.10-125991	1	1	12599	12599	lassopeptide	1	NA	12599	True
WP_356387266.1_region.gbk	NZ_JBEXSA010000055.1355-12916-1	1	1	12561	12561	lassopeptide	1	NA	12561	True
WP_374598083.1_region.gbk	NZ_JAYRYK010000001.13494818-3507466-1	1	1	12648	12648	lassopeptide	1	NA	12648	True
WP_052004704.1_region.gbk	NZ_JMQR01000005.132148-447901	1	1	12642	12642	lassopeptide	1	NA	12642	True
WP_366727143.1_region.gbk	NZ_JBEYJA010000030.160459-73083-1	1	1	12624	12624	lassopeptide	1	NA	12624	True
WP_307874524.1_region.gbk	NZ_JAEACQ010000194.171039-836571	1	1	12618	12618	RRE-containing	1	NA	12618	True
WP_347480771.1_region.gbk	NZ_JBDPIK010000046.10-70191	1	1	7019	7019	lassopeptide	1	NA	7019	True
WP_162899871.1_region.gbk	NZ_CP032147.182480-950051	1	1	12525	12525	RRE-containing	1	NA	12525	True
GAB3206079.1_region.gbk	BAAGVM010000001.1795152-807764-1	1	1	12612	12612	lassopeptide	1	NA	12612	True
WP_312955387.1_region.gbk	NZ_DAMCBO010000002.1362831-375467-1	1	1	12636	12636	lassopeptide	1	NA	12636	True
WP_208879765.1_region.gbk	NZ_CP031320.14293527-43061001	1	1	12573	12573	lassopeptide	1	NA	12573	True
PYS79046.1_region.gbk	QHXO01000112.10-67321	1	1	6732	6732	RRE-containing	1	NA	6732	True
WP_397964097.1_region.gbk	NZ_JBIRHK010000020.156715-69339-1	1	1	12624	12624	lassopeptide	1	NA	12624	True
WP_156378490.1_region.gbk	NZ_LMIM01000002.1177404-1900311	1	1	12627	12627	lassopeptide	1	NA	12627	True
WP_169314249.1_region.gbk	NZ_SUMB01000009.1216869-229439-1	1	1	12570	12570	lassopeptide	1	NA	12570	True
WP_374394887.1_region.gbk	NZ_JAYRQG010000072.17793-203631	1	1	12570	12570	hserlactone;lassopeptide	2	NA	12570	True
WP_062145780.1_region.gbk	NZ_KQ947985.1474058-4866161	1	1	12558	12558	lassopeptide	1	NA	12558	True
WP_170930294.1_region.gbk	NZ_NEIZ01000013.1133882-1465241	1	1	12642	12642	lassopeptide	1	NA	12642	True
WP_250400137.1_region.gbk	NZ_JALLIN010000006.171319-83943-1	1	1	12624	12624	lassopeptide;terpene	2	NA	12624	True
WP_431286735.1_region.gbk	NZ_CP192575.14785622-47982551	1	1	12633	12633	lassopeptide	1	NA	12633	True
WP_165899708.1_region.gbk	NZ_SLXW01000011.111472-24045-1	1	1	12573	12573	hserlactone;lassopeptide	2	NA	12573	True
WP_033259392.1_region.gbk	NZ_WWHA01000001.14588229-4600847-1	1	1	12618	12618	lassopeptide	1	NA	12618	True
WP_183214031.1_region.gbk	NZ_JACHOR010000004.1402010-4145861	1	1	12576	12576	lassopeptide	1	NA	12576	True
WP_384864447.1_region.gbk	NZ_JBHYZW010000022.137987-50539-1	1	1	12552	12552	lassopeptide	1	NA	12552	True
WP_307811722.1_region.gbk	NZ_JAOAQK010000001.12176161-2188680-1	1	1	12519	12519	lassopeptide	1	NA	12519	True
WP_393840602.1_region.gbk	NZ_JBICZJ010000004.1352558-3651821	1	1	12624	12624	lassopeptide	1	NA	12624	True
WP_246018936.1_region.gbk	NZ_RBXO01000001.13848829-38614471	1	1	12618	12618	lassopeptide	1	NA	12618	True
WP_266232529.1_region.gbk	NZ_JAPMAL010000032.179993-926111	1	1	12618	12618	lassopeptide	1	NA	12618	True
WP_275311841.1_region.gbk	NZ_CP095749.14837980-48505051	1	1	12525	12525	lassopeptide	1	NA	12525	True
WP_341713070.1_region.gbk	NZ_JAYPTL010000045.117053-27469-1	1	1	10416	10416	lassopeptide	1	NA	10416	True
WP_157489135.1_region.gbk	NZ_KQ031391.13048686-30611991	1	1	12513	12513	lassopeptide	1	NA	12513	True
WP_158213725.1_region.gbk	NZ_NISJ01000015.1633-132061	1	1	12573	12573	lassopeptide	1	NA	12573	True
WP_392955251.1_region.gbk	NZ_JBIDBC010000044.110829-233511	1	1	12522	12522	lassopeptide	1	NA	12522	True
WP_351738585.1_region.gbk	NZ_JBEPAP010000037.165995-786251	1	1	12630	12630	lassopeptide	1	NA	12630	True
WP_164521138.1_region.gbk	NZ_QQZD01000026.112029-246291	1	1	12600	12600	RRE-containing	1	NA	12600	True
WP_397231255.1_region.gbk	NZ_JBITHK010000009.157947-705711	1	1	12624	12624	lassopeptide	1	NA	12624	True
WP_388116896.1_region.gbk	NZ_JBHVVO010000012.163479-760731	1	1	12594	12594	lassopeptide	1	NA	12594	True
TNF64924.1_region.gbk	SBFT01000037.10-59941	1	1	5994	5994	lassopeptide	1	NA	5994	True
WP_203570910.1_region.gbk	NZ_JACFXX020000003.167908-80541-1	1	1	12633	12633	lassopeptide	1	NA	12633	True
CBH23196.1_region.gbk	FP565814.1323354-3359781	1	1	12624	12624	lassopeptide	1	NA	12624	True
WP_183217410.1_region.gbk	NZ_CAJFZW010000055.13868-164771	1	1	12609	12609	lassopeptide	1	NA	12609	True
PYT47661.1_region.gbk	QHYE01000106.10-4318-1	1	1	4318	4318	RRE-containing	1	NA	4318	True
WP_361123081.1_region.gbk	NZ_JBAFSW010000005.1456015-468639-1	1	1	12624	12624	lassopeptide	1	NA	12624	True
WP_311571964.1_region.gbk	NZ_JAVRFH010000007.1123526-1361501	1	1	12624	12624	lassopeptide	1	NA	12624	True
RYX82713.1_region.gbk	SDZD01000031.119323-318571	1	1	12534	12534	lassopeptide	1	NA	12534	True
WP_287002764.1_region.gbk	NZ_QFQL01000006.1140873-1534641	1	1	12591	12591	lassopeptide	1	NA	12591	True
WP_365777434.1_region.gbk	NZ_JADZAT010000032.1234405-246918-1	1	1	12513	12513	lassopeptide	1	NA	12513	True
WP_382561015.1_region.gbk	NZ_JBHYPK010000001.1273828-286443-1	1	1	12615	12615	lassopeptide	1	NA	12615	True
WP_385351484.1_region.gbk	NZ_JBIUXR010000001.1727681-7402541	1	1	12573	12573	lassopeptide	1	NA	12573	True
WP_007519123.1_region.gbk	NZ_MBLN01000054.1268641-281175-1	1	1	12534	12534	lassopeptide	1	NA	12534	True
WP_329628770.1_region.gbk	NZ_DATAJZ010000028.170417-830591	1	1	12642	12642	lassopeptide	1	NA	12642	True
WP_277277623.1_region.gbk	NZ_JAROCY010000009.128830-41430-1	1	1	12600	12600	hserlactone;lassopeptide	2	NA	12600	True
WP_353441582.1_region.gbk	NZ_JAPZPR010000002.1204424-217003-1	1	1	12579	12579	lassopeptide	1	NA	12579	True
WP_358691235.1_region.gbk	NZ_JBEYJS010000042.134998-476221	1	1	12624	12624	lassopeptide	1	NA	12624	True
WP_351660307.1_region.gbk	NZ_JBEOYS010000002.129594-421491	1	1	12555	12555	lassopeptide;terpene	2	NA	12555	True
WP_188237759.1_region.gbk	NZ_JAXMPB010000015.126354-378261	1	1	11472	11472	lassopeptide	1	NA	11472	True
WP_388750883.1_region.gbk	NZ_JBIAHK010000003.1495732-5057481	1	1	10016	10016	lassopeptide	1	NA	10016	True
WP_119034836.1_region.gbk	NZ_QXDC01000002.11379157-13918051	1	1	12648	12648	lassopeptide	1	NA	12648	True
WP_240649585.1_region.gbk	NZ_RCHV01000002.11376456-13890261	1	1	12570	12570	lassopeptide	1	NA	12570	True
WP_281390191.1_region.gbk	NZ_JACCFS010000001.1961618-9742421	1	1	12624	12624	lassopeptide	1	NA	12624	True
WP_217884269.1_region.gbk	NZ_NGUN01000005.1102346-114955-1	1	1	12609	12609	lassopeptide	1	NA	12609	True
WP_318153387.1_region.gbk	NZ_JACXZT010000017.197606-1101281	1	1	12522	12522	lassopeptide	1	NA	12522	True
WP_100868092.1_region.gbk	NZ_PHUF01000005.1342236-354854-1	1	1	12618	12618	lassopeptide	1	NA	12618	True
RPE37485.1_region.gbk	RKQF01000001.1357574-370198-1	1	1	12624	12624	lassopeptide	1	NA	12624	True
WP_379489453.1_region.gbk	NZ_JBHLTM010000090.191054-984011	1	1	7347	7347	RRE-containing	1	NA	7347	True
WP_354289359.1_region.gbk	NZ_JBEPNG010000014.10-68371	1	1	6837	6837	lassopeptide	1	NA	6837	True
WP_077240255.1_region.gbk	NZ_UFSA01000002.136375-48888-1	1	1	12513	12513	lassopeptide	1	NA	12513	True
WP_158241557.1_region.gbk	NZ_PKRT01000001.12626334-26388771	1	1	12543	12543	lassopeptide	1	NA	12543	True
WP_373916244.1_region.gbk	NZ_JBGWAB010000040.140971-536041	1	1	12633	12633	lassopeptide	1	NA	12633	True
WP_217210739.1_region.gbk	NZ_JAGMUL010000058.1102845-115397-1	1	1	12552	12552	lassopeptide	1	NA	12552	True
WP_171009869.1_region.gbk	NZ_JBNNWK010000008.151153-63771-1	1	1	12618	12618	lassopeptide	1	NA	12618	True
WP_265944329.1_region.gbk	NZ_JBAJNG010000004.1104466-1170181	1	1	12552	12552	lassopeptide	1	NA	12552	True
RLT42627.1_region.gbk	QWRB01000087.10-101371	1	1	10137	10137	lassopeptide	1	NA	10137	True
WP_173180063.1_region.gbk	NZ_BQKM01000003.1579095-5895091	1	1	10414	10414	lassopeptide	1	NA	10414	True
WP_358568345.1_region.gbk	NZ_JBFAME010000007.1269666-2822751	1	1	12609	12609	lassopeptide	1	NA	12609	True
WP_084514978.1_region.gbk	NZ_ATDP01000107.1140035-1526801	1	1	12645	12645	lassopeptide	1	NA	12645	True
GBD40079.1_region.gbk	BEIN01000027.10-122411	1	1	12241	12241	RRE-containing	1	NA	12241	True
WP_062342917.1_region.gbk	NZ_LSIA01000060.17181-16440-1	1	1	9259	9259	lassopeptide	1	NA	9259	True
WP_398812836.1_region.gbk	NZ_JBITLW010000002.1456712-4692791	1	1	12567	12567	lassopeptide	1	NA	12567	True
WP_361554337.1_region.gbk	NZ_JBEYUN010000003.1143603-156140-1	1	1	12537	12537	lassopeptide	1	NA	12537	True
WP_012522947.1_region.gbk	NC_011144.12727517-2740156-1	1	1	12639	12639	lassopeptide	1	NA	12639	True
WP_230190457.1_region.gbk	NZ_CAKKNC010000040.17922-18980-1	1	1	11058	11058	lassopeptide	1	NA	11058	True
WP_226636649.1_region.gbk	NZ_JAIVLL010000002.1638093-650639-1	1	1	12546	12546	lassopeptide	1	NA	12546	True
WP_398814270.1_region.gbk	NZ_JBITLW010000003.1102628-115150-1	1	1	12522	12522	lassopeptide	1	NA	12522	True
WP_346436981.1_region.gbk	NZ_JBDFPW010000010.147348-59984-1	1	1	12636	12636	lassopeptide	1	NA	12636	True
WP_330115860.1_region.gbk	NZ_JAZDCX010000001.1223854-236409-1	1	1	12555	12555	lassopeptide	1	NA	12555	True
OGA46743.1_region.gbk	MERJ01000195.10-9134-1	1	1	9134	9134	lassopeptide	1	NA	9134	True
WP_415013983.1_region.gbk	NZ_JBLGCI010000004.1218384-230918-1	1	1	12534	12534	lassopeptide	1	NA	12534	True
WP_390053067.1_region.gbk	NZ_JBHVUH010000003.1469508-482063-1	1	1	12555	12555	lassopeptide;terpene	2	NA	12555	True
TDV41682.1_region.gbk	SOCP01000019.10-8703-1	1	1	8703	8703	lassopeptide	1	NA	8703	True
WP_251918019.1_region.gbk	NZ_JAMRXH010000024.115543-280711	1	1	12528	12528	lassopeptide	1	NA	12528	True
WP_351200479.1_region.gbk	NZ_JBEOVN010000041.15469-180931	1	1	12624	12624	lassopeptide	1	NA	12624	True
WP_197020235.1_region.gbk	NZ_AWFD01000005.176075-886301	1	1	12555	12555	RRE-containing;hserlactone	2	NA	12555	True
WP_391434649.1_region.gbk	NZ_JBIBJK010000019.117744-303681	1	1	12624	12624	lassopeptide	1	NA	12624	True
OYW48287.1_region.gbk	NCCU01000019.10-82341	1	1	8234	8234	lassopeptide	1	NA	8234	True
GAB3159995.1_region.gbk	BAAGRL010000006.184103-967091	1	1	12606	12606	lassopeptide	1	NA	12606	True
WP_281396763.1_region.gbk	NZ_JACHJH010000001.1620040-6326491	1	1	12609	12609	lassopeptide	1	NA	12609	True
WP_316628716.1_region.gbk	NZ_JBHSLF010000001.191593-1041631	1	1	12570	12570	lassopeptide	1	NA	12570	True
WP_421885150.1_region.gbk	NZ_JBMLSM010000163.16366-18748-1	1	1	12382	12382	lassopeptide	1	NA	12382	True
WP_135212790.1_region.gbk	NZ_SBJL01000004.162563-751931	1	1	12630	12630	hserlactone;lassopeptide	2	NA	12630	True
GFM16934.1_region.gbk	BLTG01000011.173145-857721	1	1	12627	12627	lassopeptide	1	NA	12627	True
WP_217991251.1_region.gbk	NZ_NWMW01000001.1572633-585272-1	1	1	12639	12639	hserlactone;lassopeptide	2	NA	12639	True
WP_103835368.1_region.gbk	NZ_PQSQ01000077.130684-397331	1	1	9049	9049	lassopeptide	1	NA	9049	True
WP_404031744.1_region.gbk	NZ_JBIWPD010000018.1168807-181431-1	1	1	12624	12624	lassopeptide;terpene	2	NA	12624	True
WP_393321202.1_region.gbk	NZ_JBICWS010000010.177000-896241	1	1	12624	12624	lassopeptide	1	NA	12624	True
WP_399200035.1_region.gbk	NZ_JBITIB010000022.1108542-1210581	1	1	12516	12516	lassopeptide	1	NA	12516	True
KOS85664.1_region.gbk	KQ440315.11111306-11238611	1	1	12555	12555	lassopeptide	1	NA	12555	True
WP_358566057.1_region.gbk	NZ_JBFAME010000005.1141915-154533-1	1	1	12618	12618	lassopeptide	1	NA	12618	True
WP_013479713.1_region.gbk	NC_014816.12408448-24210781	1	1	12630	12630	lassopeptide	1	NA	12630	True
WP_310149741.1_region.gbk	NZ_JAVDVJ010000002.1345830-3584451	1	1	12615	12615	lassopeptide	1	NA	12615	True
WP_365782506.1_region.gbk	NZ_JBITBZ010000008.1128915-1414791	1	1	12564	12564	lassopeptide	1	NA	12564	True
WP_201846264.1_region.gbk	NZ_JABBYC010000011.124482-370761	1	1	12594	12594	lassopeptide	1	NA	12594	True
WP_381094605.1_region.gbk	NZ_JBHXBW010000075.18704-21301-1	1	1	12597	12597	lassopeptide	1	NA	12597	True
WP_391713465.1_region.gbk	NZ_JBIBWS010000004.122498-35134-1	1	1	12636	12636	lassopeptide	1	NA	12636	True
WP_381604228.1_region.gbk	NZ_JBHTEB010000001.128116-406321	1	1	12516	12516	lassopeptide	1	NA	12516	True
RJQ47191.1_region.gbk	QZKC01000049.1351-12888-1	1	1	12537	12537	RRE-containing	1	NA	12537	True
WP_106176841.1_region.gbk	NZ_PVNH01000001.1551953-564475-1	1	1	12522	12522	lassopeptide	1	NA	12522	True
WP_390740455.1_region.gbk	NZ_JBIAVX010000021.10-12514-1	1	1	12514	12514	lassopeptide	1	NA	12514	True
WP_366929653.1_region.gbk	NZ_CAIKKU010000224.14353-14506-1	1	1	10153	10153	lassopeptide	1	NA	10153	True
WP_209668353.1_region.gbk	NZ_JASCSI010000027.15855-18500-1	1	1	12645	12645	RRE-containing	1	NA	12645	True
WP_308196549.1_region.gbk	NZ_JACLHD010000001.15931739-5944270-1	1	1	12531	12531	lassopeptide	1	NA	12531	True
WP_403828217.1_region.gbk	NZ_JBIWGA010000013.1277495-2901041	1	1	12609	12609	lassopeptide	1	NA	12609	True
WP_402283822.1_region.gbk	NZ_JBIUZD010000020.160687-732391	1	1	12552	12552	lassopeptide	1	NA	12552	True
WP_390478134.1_region.gbk	NZ_BTGP01000013.162298-749131	1	1	12615	12615	lassopeptide	1	NA	12615	True
PKN92381.1_region.gbk	PHBU01000011.1166733-179276-1	1	1	12543	12543	lassopeptide	1	NA	12543	True
WP_351587222.1_region.gbk	NZ_JBEPFC010000006.163204-75717-1	1	1	12513	12513	lassopeptide	1	NA	12513	True
UVK43326.1_region.gbk	CP080525.15117560-5130079-1	1	1	12519	12519	lassopeptide	1	NA	12519	True
WP_324629523.1_region.gbk	NZ_JAJENT010000275.12502-11070-1	1	1	8568	8568	RRE-containing	1	NA	8568	True
WP_158884788.1_region.gbk	NZ_VTHK01000009.120935-334481	1	1	12513	12513	lassopeptide	1	NA	12513	True
WP_249027670.1_region.gbk	NZ_CP167859.12697922-2710552-1	1	1	12630	12630	lassopeptide	1	NA	12630	True
WP_359671023.1_region.gbk	NZ_JBEZVX010000003.1135031-1475951	1	1	12564	12564	lassopeptide	1	NA	12564	True
WP_150505188.1_region.gbk	NZ_JBEZXH010000004.1227623-2401781	1	1	12555	12555	lassopeptide	1	NA	12555	True
AKG47128.1_region.gbk	KP274854.120354-329991	1	1	12645	12645	lassopeptide	1	NA	12645	True
WP_339967572.1_region.gbk	NZ_JBBHJY010000006.1109326-1219291	1	1	12603	12603	lassopeptide	1	NA	12603	True
WP_426031284.1_region.gbk	NZ_JAFCUB010000019.13020-156501	1	1	12630	12630	lassopeptide	1	NA	12630	True
WP_383817220.1_region.gbk	NZ_JBHZBA010000033.10-84971	1	1	8497	8497	lassopeptide	1	NA	8497	True
WP_272743482.1_region.gbk	NZ_JAQQKV010000001.1722763-7353631	1	1	12600	12600	lassopeptide	1	NA	12600	True
WP_361276501.1_region.gbk	NZ_JBEYXH010000055.10-11133-1	1	1	11133	11133	lassopeptide	1	NA	11133	True
WP_399667619.1_region.gbk	NZ_JBIUBL010000018.186865-994891	1	1	12624	12624	lassopeptide	1	NA	12624	True
WP_148216850.1_region.gbk	NC_011144.12450784-2463408-1	1	1	12624	12624	lassopeptide	1	NA	12624	True
WP_353600901.1_region.gbk	NZ_JBEOTD010000009.132861-45494-1	1	1	12633	12633	lassopeptide	1	NA	12633	True
WP_399007203.1_region.gbk	NZ_JBISAL010000013.1247640-2602341	1	1	12594	12594	lassopeptide	1	NA	12594	True
WP_084758524.1_region.gbk	NZ_CP012700.13923735-3936305-1	1	1	12570	12570	lassopeptide	1	NA	12570	True
WP_118825854.1_region.gbk	NZ_CALTSI010000011.169805-823211	1	1	12516	12516	lassopeptide	1	NA	12516	True
WP_275228345.1_region.gbk	NZ_JARESE010000033.111558-241611	1	1	12603	12603	lassopeptide	1	NA	12603	True
WP_374469631.1_region.gbk	NZ_JAYSEO010000007.1108910-121507-1	1	1	12597	12597	lassopeptide	1	NA	12597	True
WP_165928127.1_region.gbk	NZ_SMBH01000003.1304840-3173831	1	1	12543	12543	lassopeptide	1	NA	12543	True
WP_207868734.1_region.gbk	NZ_CP062222.12809003-28216181	1	1	12615	12615	lassopeptide	1	NA	12615	True
WP_360976529.1_region.gbk	NZ_JBFACU010000032.121496-341201	1	1	12624	12624	lassopeptide	1	NA	12624	True
WP_157846875.1_region.gbk	NZ_BATN01000092.110921-18752-1	1	1	7831	7831	lassopeptide	1	NA	7831	True
WP_274547709.1_region.gbk	NZ_JARBAZ010000001.11672403-16849611	1	1	12558	12558	lassopeptide	1	NA	12558	True
KAK0342036.1_region.gbk	JASUXW010019553.10-5995-1	1	1	5995	5995	lassopeptide	1	NA	5995	True
WP_356945482.1_region.gbk	NZ_JBEXTE010000039.139594-521881	1	1	12594	12594	lassopeptide	1	NA	12594	True
WP_156284008.1_region.gbk	NZ_WOVL01000028.140643-531621	1	1	12519	12519	RRE-containing	1	NA	12519	True
WP_295579638.1_region.gbk	NZ_CAIYXF010000490.117624-30242-1	1	1	12618	12618	lassopeptide	1	NA	12618	True
GAA4236010.1_region.gbk	BAABAS010000015.1185288-197909-1	1	1	12621	12621	lassopeptide	1	NA	12621	True
WP_310531292.1_region.gbk	NZ_JANPGP010000027.182975-955811	1	1	12606	12606	lassopeptide	1	NA	12606	True
WP_081649888.1_region.gbk	NZ_CP031414.15292480-5305008-1	1	1	12528	12528	lassopeptide	1	NA	12528	True
WP_179507690.1_region.gbk	NZ_JACCBY010000001.1980640-993258-1	1	1	12618	12618	lassopeptide	1	NA	12618	True
WP_211993071.1_region.gbk	NZ_JAERJD010000009.117022-296611	1	1	12639	12639	lassopeptide	1	NA	12639	True
WP_387520290.1_region.gbk	NZ_JBIAGA010000015.1119726-132344-1	1	1	12618	12618	lassopeptide	1	NA	12618	True
WP_039290033.1_region.gbk	NZ_JTDI01000009.125485-380851	1	1	12600	12600	hserlactone;lassopeptide	2	NA	12600	True
WP_350019324.1_region.gbk	NZ_CP157971.127744-403381	1	1	12594	12594	lassopeptide	1	NA	12594	True
WP_420888061.1_region.gbk	NZ_JAQOUE010000001.1965195-977771-1	1	1	12576	12576	RRE-containing	1	NA	12576	True
WP_409006762.1_region.gbk	NZ_JBJURH010000009.10-8345-1	1	1	8345	8345	lassopeptide	1	NA	8345	True
WP_390751083.1_region.gbk	NZ_JBIRSV010000031.170957-835571	1	1	12600	12600	lassopeptide;terpene	2	NA	12600	True
WP_225011201.1_region.gbk	NZ_JAILYM010000010.173117-857231	1	1	12606	12606	lassopeptide	1	NA	12606	True
BCM90923.1_region.gbk	AP024152.13148876-3161425-1	1	1	12549	12549	lassopeptide	1	NA	12549	True
WP_281599237.1_region.gbk	NZ_CP114903.13011657-3024227-1	1	1	12570	12570	lassopeptide	1	NA	12570	True
WP_293318270.1_region.gbk	NZ_NZKU01000087.124150-367441	1	1	12594	12594	lassopeptide	1	NA	12594	True
WP_234018099.1_region.gbk	NZ_WWJR01000034.1502046-5145921	1	1	12546	12546	lassopeptide	1	NA	12546	True
WP_290418528.1_region.gbk	NZ_JASNRA010000010.174950-87571-1	1	1	12621	12621	lassopeptide	1	NA	12621	True
WP_157178420.1_region.gbk	NC_018014.14056173-4068695-1	1	1	12522	12522	RRE-containing	1	NA	12522	True
WP_176342125.1_region.gbk	NZ_NGUN01000003.12913551-29261631	1	1	12612	12612	lassopeptide	1	NA	12612	True
WP_054735325.1_region.gbk	NZ_CP013345.1374378-3870231	1	1	12645	12645	lassopeptide	1	NA	12645	True
WP_114134662.1_region.gbk	NZ_CP068436.11100708-1113299-1	1	1	12591	12591	lassopeptide	1	NA	12591	True
WP_385647064.1_region.gbk	NZ_JBHWUT010000116.1673-13309-1	1	1	12636	12636	lassopeptide	1	NA	12636	True
WP_234340174.1_region.gbk	NZ_CABKUT010000005.1223836-2364181	1	1	12582	12582	lassopeptide	1	NA	12582	True
RJF83634.1_region.gbk	QYUL01000001.1619775-6323961	1	1	12621	12621	lassopeptide	1	NA	12621	True
WP_411208522.1_region.gbk	NZ_JAECZF010000018.132982-455071	1	1	12525	12525	lassopeptide	1	NA	12525	True
WP_082876029.1_region.gbk	NZ_QQBC01000005.10-105281	1	1	10528	10528	RRE-containing	1	NA	10528	True
WP_274040638.1_region.gbk	NZ_JANCPR020000027.185650-98280-1	1	1	12630	12630	lassopeptide	1	NA	12630	True
WP_226667516.1_region.gbk	NZ_JAIVKL010000004.150027-625401	1	1	12513	12513	lassopeptide	1	NA	12513	True
WP_256339949.1_region.gbk	NZ_FNTO01000001.171734-843581	1	1	12624	12624	lassopeptide	1	NA	12624	True
WP_364882025.1_region.gbk	NZ_JBHJSV010000006.1113644-1262051	1	1	12561	12561	lassopeptide	1	NA	12561	True
WP_429276599.1_region.gbk	NZ_JBNPXM010000006.152328-649371	1	1	12609	12609	lassopeptide	1	NA	12609	True
TNC17158.1_region.gbk	VDFS01000056.130826-38425-1	1	1	7599	7599	lassopeptide	1	NA	7599	True
